{
"meta":{"test_sets":[],"test_metrics":[],"learn_metrics":[{"best_value":"Min","name":"RMSE"}],"launch_mode":"Train","parameters":"","iteration_count":1000,"learn_sets":["learn"],"name":"experiment"},
"iterations":[
{"learn":[2039908.954],"iteration":0,"passed_time":0.003587544543,"remaining_time":3.583956998},
{"learn":[2027705.045],"iteration":1,"passed_time":0.006460175424,"remaining_time":3.223627537},
{"learn":[2013779.177],"iteration":2,"passed_time":0.01016642184,"remaining_time":3.378640859},
{"learn":[2004591.536],"iteration":3,"passed_time":0.0131004003,"remaining_time":3.261999674},
{"learn":[1990813.268],"iteration":4,"passed_time":0.01621509716,"remaining_time":3.226804335},
{"learn":[1978309.783],"iteration":5,"passed_time":0.01922592156,"remaining_time":3.185094339},
{"learn":[1964764.075],"iteration":6,"passed_time":0.02254827473,"remaining_time":3.19863383},
{"learn":[1953580.192],"iteration":7,"passed_time":0.02537783343,"remaining_time":3.146851345},
{"learn":[1943109.296],"iteration":8,"passed_time":0.02648052845,"remaining_time":2.915800411},
{"learn":[1933691.26],"iteration":9,"passed_time":0.02871642755,"remaining_time":2.842926327},
{"learn":[1923308.166],"iteration":10,"passed_time":0.03122853642,"remaining_time":2.80772932},
{"learn":[1912604.76],"iteration":11,"passed_time":0.03376770787,"remaining_time":2.780207948},
{"learn":[1906069.391],"iteration":12,"passed_time":0.03685118616,"remaining_time":2.797855442},
{"learn":[1894388.863],"iteration":13,"passed_time":0.03999629143,"remaining_time":2.816881668},
{"learn":[1887178.242],"iteration":14,"passed_time":0.04232072785,"remaining_time":2.779061129},
{"learn":[1879691.131],"iteration":15,"passed_time":0.04591656086,"remaining_time":2.823868493},
{"learn":[1870398.693],"iteration":16,"passed_time":0.04871514233,"remaining_time":2.816881465},
{"learn":[1859413.842],"iteration":17,"passed_time":0.05181194837,"remaining_time":2.826629628},
{"learn":[1846328.746],"iteration":18,"passed_time":0.05484286277,"remaining_time":2.831623599},
{"learn":[1840346.328],"iteration":19,"passed_time":0.05671276796,"remaining_time":2.77892563},
{"learn":[1827412.448],"iteration":20,"passed_time":0.05959997639,"remaining_time":2.778494137},
{"learn":[1815400.481],"iteration":21,"passed_time":0.06267009239,"remaining_time":2.785970471},
{"learn":[1806530.782],"iteration":22,"passed_time":0.06567871511,"remaining_time":2.789917594},
{"learn":[1801707.227],"iteration":23,"passed_time":0.06889487947,"remaining_time":2.801725099},
{"learn":[1793224.213],"iteration":24,"passed_time":0.07183913977,"remaining_time":2.801726451},
{"learn":[1786985.427],"iteration":25,"passed_time":0.07417084819,"remaining_time":2.778554082},
{"learn":[1782760.768],"iteration":26,"passed_time":0.07641864196,"remaining_time":2.753901431},
{"learn":[1771198.386],"iteration":27,"passed_time":0.07935680946,"remaining_time":2.754814957},
{"learn":[1762595.664],"iteration":28,"passed_time":0.08277367108,"remaining_time":2.771490849},
{"learn":[1757568.896],"iteration":29,"passed_time":0.08568194442,"remaining_time":2.770382869},
{"learn":[1750569.205],"iteration":30,"passed_time":0.08861923916,"remaining_time":2.770065895},
{"learn":[1740936.631],"iteration":31,"passed_time":0.09147382198,"remaining_time":2.767083115},
{"learn":[1732652.161],"iteration":32,"passed_time":0.09454848354,"remaining_time":2.770557078},
{"learn":[1726750.624],"iteration":33,"passed_time":0.09759078188,"remaining_time":2.772726332},
{"learn":[1718902.001],"iteration":34,"passed_time":0.1005762031,"remaining_time":2.7730296},
{"learn":[1713729.748],"iteration":35,"passed_time":0.1035187554,"remaining_time":2.772002229},
{"learn":[1708381.418],"iteration":36,"passed_time":0.1062319126,"remaining_time":2.76490086},
{"learn":[1703508.307],"iteration":37,"passed_time":0.1091038284,"remaining_time":2.762049551},
{"learn":[1696091.064],"iteration":38,"passed_time":0.1117588376,"remaining_time":2.753852383},
{"learn":[1687271.072],"iteration":39,"passed_time":0.1148932785,"remaining_time":2.757438684},
{"learn":[1680333.213],"iteration":40,"passed_time":0.1179271607,"remaining_time":2.758345051},
{"learn":[1671833.618],"iteration":41,"passed_time":0.1209637478,"remaining_time":2.759125485},
{"learn":[1668593.464],"iteration":42,"passed_time":0.1244635026,"remaining_time":2.770036557},
{"learn":[1664009.146],"iteration":43,"passed_time":0.1266001934,"remaining_time":2.75067693},
{"learn":[1659882.915],"iteration":44,"passed_time":0.1294400675,"remaining_time":2.747005877},
{"learn":[1654313.677],"iteration":45,"passed_time":0.132375095,"remaining_time":2.745344361},
{"learn":[1647788.504],"iteration":46,"passed_time":0.1353023838,"remaining_time":2.743471739},
{"learn":[1639759.672],"iteration":47,"passed_time":0.1379732619,"remaining_time":2.736469694},
{"learn":[1635058.602],"iteration":48,"passed_time":0.1407157409,"remaining_time":2.731034072},
{"learn":[1627529.461],"iteration":49,"passed_time":0.1434585213,"remaining_time":2.725711904},
{"learn":[1622751.758],"iteration":50,"passed_time":0.1467114537,"remaining_time":2.729983717},
{"learn":[1616292.347],"iteration":51,"passed_time":0.1491896356,"remaining_time":2.719841818},
{"learn":[1609881.308],"iteration":52,"passed_time":0.1524102584,"remaining_time":2.723254994},
{"learn":[1603354.593],"iteration":53,"passed_time":0.1554997038,"remaining_time":2.724124441},
{"learn":[1598415.695],"iteration":54,"passed_time":0.1583537599,"remaining_time":2.72080551},
{"learn":[1593731.912],"iteration":55,"passed_time":0.1616043204,"remaining_time":2.724187115},
{"learn":[1589300.014],"iteration":56,"passed_time":0.1644657621,"remaining_time":2.720898485},
{"learn":[1583440.2],"iteration":57,"passed_time":0.1676711304,"remaining_time":2.723210428},
{"learn":[1575807.847],"iteration":58,"passed_time":0.1708080278,"remaining_time":2.724243291},
{"learn":[1569397.821],"iteration":59,"passed_time":0.1734682014,"remaining_time":2.717668489},
{"learn":[1562168.928],"iteration":60,"passed_time":0.1763968893,"remaining_time":2.715355394},
{"learn":[1557200.583],"iteration":61,"passed_time":0.1793193746,"remaining_time":2.712928603},
{"learn":[1552358.98],"iteration":62,"passed_time":0.1818873897,"remaining_time":2.705214034},
{"learn":[1549482.835],"iteration":63,"passed_time":0.1837220715,"remaining_time":2.686935296},
{"learn":[1544430.253],"iteration":64,"passed_time":0.1858596917,"remaining_time":2.673520181},
{"learn":[1539442.745],"iteration":65,"passed_time":0.1885648068,"remaining_time":2.66847772},
{"learn":[1535207.299],"iteration":66,"passed_time":0.1913232428,"remaining_time":2.664247545},
{"learn":[1531822.78],"iteration":67,"passed_time":0.1930284397,"remaining_time":2.645625085},
{"learn":[1527196.472],"iteration":68,"passed_time":0.1958730346,"remaining_time":2.642866597},
{"learn":[1523327.588],"iteration":69,"passed_time":0.198768918,"remaining_time":2.640787054},
{"learn":[1519786.818],"iteration":70,"passed_time":0.2017193748,"remaining_time":2.63939858},
{"learn":[1515262.635],"iteration":71,"passed_time":0.2042202855,"remaining_time":2.632172569},
{"learn":[1509595.896],"iteration":72,"passed_time":0.2070173998,"remaining_time":2.628837393},
{"learn":[1503887.67],"iteration":73,"passed_time":0.2100472993,"remaining_time":2.628429718},
{"learn":[1497330.554],"iteration":74,"passed_time":0.2126701736,"remaining_time":2.622932141},
{"learn":[1493476.239],"iteration":75,"passed_time":0.2157325394,"remaining_time":2.622853505},
{"learn":[1488700.892],"iteration":76,"passed_time":0.2187307386,"remaining_time":2.621928204},
{"learn":[1483736.925],"iteration":77,"passed_time":0.2219082802,"remaining_time":2.623069671},
{"learn":[1477604.174],"iteration":78,"passed_time":0.2246689349,"remaining_time":2.619241633},
{"learn":[1471281.291],"iteration":79,"passed_time":0.2272158064,"remaining_time":2.612981774},
{"learn":[1466670.119],"iteration":80,"passed_time":0.2309038075,"remaining_time":2.619760483},
{"learn":[1459291.244],"iteration":81,"passed_time":0.2340637152,"remaining_time":2.620371835},
{"learn":[1454749.502],"iteration":82,"passed_time":0.2374753838,"remaining_time":2.623673818},
{"learn":[1450531.783],"iteration":83,"passed_time":0.2403352718,"remaining_time":2.620798916},
{"learn":[1445785.423],"iteration":84,"passed_time":0.2434414063,"remaining_time":2.620575138},
{"learn":[1436497.614],"iteration":85,"passed_time":0.2466146331,"remaining_time":2.62099738},
{"learn":[1433266.477],"iteration":86,"passed_time":0.2490350616,"remaining_time":2.613436911},
{"learn":[1428888.769],"iteration":87,"passed_time":0.2522041786,"remaining_time":2.613752396},
{"learn":[1424873.201],"iteration":88,"passed_time":0.2552653196,"remaining_time":2.612884339},
{"learn":[1419468.557],"iteration":89,"passed_time":0.2583628958,"remaining_time":2.612335946},
{"learn":[1414392.918],"iteration":90,"passed_time":0.261477866,"remaining_time":2.611905277},
{"learn":[1410220.723],"iteration":91,"passed_time":0.2644190499,"remaining_time":2.609701058},
{"learn":[1406961.645],"iteration":92,"passed_time":0.2670564326,"remaining_time":2.604518112},
{"learn":[1401550.592],"iteration":93,"passed_time":0.2703822848,"remaining_time":2.606025001},
{"learn":[1397704.112],"iteration":94,"passed_time":0.2734691015,"remaining_time":2.605153019},
{"learn":[1391528.775],"iteration":95,"passed_time":0.2767185178,"remaining_time":2.605766043},
{"learn":[1385255.682],"iteration":96,"passed_time":0.2801524866,"remaining_time":2.608017479},
{"learn":[1382023.031],"iteration":97,"passed_time":0.2835521469,"remaining_time":2.609837107},
{"learn":[1378069.346],"iteration":98,"passed_time":0.2868964548,"remaining_time":2.611047533},
{"learn":[1374229.157],"iteration":99,"passed_time":0.2897426505,"remaining_time":2.607683855},
{"learn":[1367971.68],"iteration":100,"passed_time":0.2928121732,"remaining_time":2.606318254},
{"learn":[1362882.462],"iteration":101,"passed_time":0.2951627598,"remaining_time":2.598589788},
{"learn":[1360174.815],"iteration":102,"passed_time":0.2981861078,"remaining_time":2.596824648},
{"learn":[1357402.102],"iteration":103,"passed_time":0.3011963879,"remaining_time":2.594922727},
{"learn":[1351588.336],"iteration":104,"passed_time":0.3043042039,"remaining_time":2.593831071},
{"learn":[1346765.13],"iteration":105,"passed_time":0.3074282723,"remaining_time":2.592838447},
{"learn":[1342394.511],"iteration":106,"passed_time":0.310492654,"remaining_time":2.59130785},
{"learn":[1337137.41],"iteration":107,"passed_time":0.3135518918,"remaining_time":2.589706365},
{"learn":[1333288.521],"iteration":108,"passed_time":0.3164078491,"remaining_time":2.586416454},
{"learn":[1330499.22],"iteration":109,"passed_time":0.3189638108,"remaining_time":2.580707196},
{"learn":[1327262.046],"iteration":110,"passed_time":0.3220696063,"remaining_time":2.579458378},
{"learn":[1323626.394],"iteration":111,"passed_time":0.3252272522,"remaining_time":2.578587499},
{"learn":[1318645.066],"iteration":112,"passed_time":0.3284400301,"remaining_time":2.578108909},
{"learn":[1314645.965],"iteration":113,"passed_time":0.3315716399,"remaining_time":2.576951517},
{"learn":[1309736.859],"iteration":114,"passed_time":0.334413259,"remaining_time":2.573528124},
{"learn":[1306265.508],"iteration":115,"passed_time":0.3378323023,"remaining_time":2.574515131},
{"learn":[1301126.767],"iteration":116,"passed_time":0.340406629,"remaining_time":2.569051738},
{"learn":[1296732.629],"iteration":117,"passed_time":0.3436539448,"remaining_time":2.568667621},
{"learn":[1292051.392],"iteration":118,"passed_time":0.3465134027,"remaining_time":2.565363931},
{"learn":[1286638.753],"iteration":119,"passed_time":0.3493707285,"remaining_time":2.562052009},
{"learn":[1283654.779],"iteration":120,"passed_time":0.3521945284,"remaining_time":2.558504053},
{"learn":[1279172.856],"iteration":121,"passed_time":0.3548308996,"remaining_time":2.553619097},
{"learn":[1276868.834],"iteration":122,"passed_time":0.3568115507,"remaining_time":2.544095366},
{"learn":[1273614.873],"iteration":123,"passed_time":0.3599924742,"remaining_time":2.54317264},
{"learn":[1268930.787],"iteration":124,"passed_time":0.3630554604,"remaining_time":2.541388223},
{"learn":[1265341.341],"iteration":125,"passed_time":0.3660790407,"remaining_time":2.539310171},
{"learn":[1260263.462],"iteration":126,"passed_time":0.3691711515,"remaining_time":2.537688309},
{"learn":[1254429.266],"iteration":127,"passed_time":0.3722888462,"remaining_time":2.536217765},
{"learn":[1251254.674],"iteration":128,"passed_time":0.3756423128,"remaining_time":2.5363136},
{"learn":[1248633.714],"iteration":129,"passed_time":0.3785613116,"remaining_time":2.533448778},
{"learn":[1243243.129],"iteration":130,"passed_time":0.3819935083,"remaining_time":2.533987471},
{"learn":[1240062.638],"iteration":131,"passed_time":0.3852093512,"remaining_time":2.53304331},
{"learn":[1235468.478],"iteration":132,"passed_time":0.3882916874,"remaining_time":2.531194684},
{"learn":[1231674.293],"iteration":133,"passed_time":0.3915207454,"remaining_time":2.530275862},
{"learn":[1228257.279],"iteration":134,"passed_time":0.3947403522,"remaining_time":2.529262257},
{"learn":[1224298.57],"iteration":135,"passed_time":0.3977558018,"remaining_time":2.526919211},
{"learn":[1221435.147],"iteration":136,"passed_time":0.4009489669,"remaining_time":2.525685828},
{"learn":[1216659.343],"iteration":137,"passed_time":0.4041821058,"remaining_time":2.524673733},
{"learn":[1212519.339],"iteration":138,"passed_time":0.408121953,"remaining_time":2.528007205},
{"learn":[1208857.955],"iteration":139,"passed_time":0.4114233138,"remaining_time":2.527314642},
{"learn":[1206372.066],"iteration":140,"passed_time":0.4149944342,"remaining_time":2.528228503},
{"learn":[1202643.659],"iteration":141,"passed_time":0.4180796309,"remaining_time":2.526143122},
{"learn":[1198249.519],"iteration":142,"passed_time":0.4207374116,"remaining_time":2.52148225},
{"learn":[1193889.826],"iteration":143,"passed_time":0.4245974095,"remaining_time":2.523995712},
{"learn":[1190194.775],"iteration":144,"passed_time":0.4282557783,"remaining_time":2.525232348},
{"learn":[1186745.114],"iteration":145,"passed_time":0.4314962167,"remaining_time":2.523957322},
{"learn":[1183393.514],"iteration":146,"passed_time":0.4347444479,"remaining_time":2.522700776},
{"learn":[1179887.853],"iteration":147,"passed_time":0.4381268658,"remaining_time":2.522189795},
{"learn":[1175253.75],"iteration":148,"passed_time":0.4413375077,"remaining_time":2.520659188},
{"learn":[1170623.234],"iteration":149,"passed_time":0.4444536191,"remaining_time":2.518570508},
{"learn":[1165332.48],"iteration":150,"passed_time":0.4477563464,"remaining_time":2.517517471},
{"learn":[1161408.116],"iteration":151,"passed_time":0.4564752674,"remaining_time":2.546651492},
{"learn":[1158394.263],"iteration":152,"passed_time":0.4592446657,"remaining_time":2.542354457},
{"learn":[1156603.319],"iteration":153,"passed_time":0.4620952778,"remaining_time":2.538523409},
{"learn":[1152081.895],"iteration":154,"passed_time":0.4647843011,"remaining_time":2.533824093},
{"learn":[1148333.31],"iteration":155,"passed_time":0.4674092169,"remaining_time":2.528803712},
{"learn":[1144920.308],"iteration":156,"passed_time":0.4701783388,"remaining_time":2.52458815},
{"learn":[1140970.892],"iteration":157,"passed_time":0.4729655479,"remaining_time":2.520487287},
{"learn":[1138087.163],"iteration":158,"passed_time":0.4754147399,"remaining_time":2.514615071},
{"learn":[1135146.796],"iteration":159,"passed_time":0.4785707079,"remaining_time":2.512496216},
{"learn":[1131127.997],"iteration":160,"passed_time":0.4816520571,"remaining_time":2.509975627},
{"learn":[1129164.125],"iteration":161,"passed_time":0.4846087438,"remaining_time":2.506803255},
{"learn":[1125720.545],"iteration":162,"passed_time":0.4874001534,"remaining_time":2.502784837},
{"learn":[1122545.917],"iteration":163,"passed_time":0.4902701836,"remaining_time":2.499182155},
{"learn":[1119577.794],"iteration":164,"passed_time":0.4931591175,"remaining_time":2.495684019},
{"learn":[1116209.515],"iteration":165,"passed_time":0.4970327095,"remaining_time":2.497140239},
{"learn":[1112183.642],"iteration":166,"passed_time":0.5003296305,"remaining_time":2.495656181},
{"learn":[1108409.367],"iteration":167,"passed_time":0.5027133199,"remaining_time":2.48962787},
{"learn":[1105268.039],"iteration":168,"passed_time":0.5050388514,"remaining_time":2.483356719},
{"learn":[1102569.696],"iteration":169,"passed_time":0.5077490318,"remaining_time":2.479009979},
{"learn":[1097438.298],"iteration":170,"passed_time":0.5107166308,"remaining_time":2.475930333},
{"learn":[1095214.926],"iteration":171,"passed_time":0.5130875889,"remaining_time":2.469979788},
{"learn":[1091318.838],"iteration":172,"passed_time":0.5160227921,"remaining_time":2.466767914},
{"learn":[1088201.116],"iteration":173,"passed_time":0.5181801668,"remaining_time":2.459866769},
{"learn":[1085572.435],"iteration":174,"passed_time":0.5208312058,"remaining_time":2.455347113},
{"learn":[1082414.954],"iteration":175,"passed_time":0.523110813,"remaining_time":2.449109715},
{"learn":[1080228.352],"iteration":176,"passed_time":0.5255627505,"remaining_time":2.443718326},
{"learn":[1077404.981],"iteration":177,"passed_time":0.5280399599,"remaining_time":2.438476669},
{"learn":[1074147.503],"iteration":178,"passed_time":0.5306102163,"remaining_time":2.433692668},
{"learn":[1070782.906],"iteration":179,"passed_time":0.5327309631,"remaining_time":2.426885499},
{"learn":[1068019.808],"iteration":180,"passed_time":0.5354334078,"remaining_time":2.422762215},
{"learn":[1064614.761],"iteration":181,"passed_time":0.5378153532,"remaining_time":2.41721406},
{"learn":[1061171.319],"iteration":182,"passed_time":0.5406187612,"remaining_time":2.41358212},
{"learn":[1058437.348],"iteration":183,"passed_time":0.5435600141,"remaining_time":2.410570497},
{"learn":[1053876.203],"iteration":184,"passed_time":0.5462140043,"remaining_time":2.406294127},
{"learn":[1051224.749],"iteration":185,"passed_time":0.5490633646,"remaining_time":2.402890209},
{"learn":[1047213.74],"iteration":186,"passed_time":0.5520429054,"remaining_time":2.400058193},
{"learn":[1042774.063],"iteration":187,"passed_time":0.5550114928,"remaining_time":2.397177299},
{"learn":[1039495.492],"iteration":188,"passed_time":0.5578713898,"remaining_time":2.393829085},
{"learn":[1036192.339],"iteration":189,"passed_time":0.5607655382,"remaining_time":2.390632031},
{"learn":[1032986.095],"iteration":190,"passed_time":0.563753068,"remaining_time":2.387833675},
{"learn":[1028261.141],"iteration":191,"passed_time":0.5665229265,"remaining_time":2.384117316},
{"learn":[1024817.319],"iteration":192,"passed_time":0.5693481875,"remaining_time":2.380642421},
{"learn":[1021470.816],"iteration":193,"passed_time":0.5721153917,"remaining_time":2.376933019},
{"learn":[1018285.423],"iteration":194,"passed_time":0.5751845222,"remaining_time":2.374479694},
{"learn":[1014704.069],"iteration":195,"passed_time":0.5780276085,"remaining_time":2.371092843},
{"learn":[1010417.494],"iteration":196,"passed_time":0.5809809839,"remaining_time":2.368161066},
{"learn":[1007381.171],"iteration":197,"passed_time":0.5839059018,"remaining_time":2.365113804},
{"learn":[1003283.513],"iteration":198,"passed_time":0.586810998,"remaining_time":2.361987987},
{"learn":[1000331.338],"iteration":199,"passed_time":0.5895643753,"remaining_time":2.358257501},
{"learn":[995896.0805],"iteration":200,"passed_time":0.5923290758,"remaining_time":2.354581749},
{"learn":[991790.4131],"iteration":201,"passed_time":0.5952778421,"remaining_time":2.351642168},
{"learn":[987938.3809],"iteration":202,"passed_time":0.5983647714,"remaining_time":2.34924494},
{"learn":[983860.1567],"iteration":203,"passed_time":0.6011308795,"remaining_time":2.345589118},
{"learn":[980806.5657],"iteration":204,"passed_time":0.6041221562,"remaining_time":2.342815191},
{"learn":[976858.7765],"iteration":205,"passed_time":0.606967723,"remaining_time":2.339477534},
{"learn":[973121.6233],"iteration":206,"passed_time":0.6103046947,"remaining_time":2.338027164},
{"learn":[969540.0578],"iteration":207,"passed_time":0.6141149303,"remaining_time":2.338360696},
{"learn":[966788.8722],"iteration":208,"passed_time":0.6169134677,"remaining_time":2.334825612},
{"learn":[964137.4421],"iteration":209,"passed_time":0.6197847972,"remaining_time":2.33157138},
{"learn":[960739.0634],"iteration":210,"passed_time":0.6224001056,"remaining_time":2.327363428},
{"learn":[958110.5322],"iteration":211,"passed_time":0.625104123,"remaining_time":2.323500231},
{"learn":[955473.0391],"iteration":212,"passed_time":0.6281249964,"remaining_time":2.320818649},
{"learn":[951998.2014],"iteration":213,"passed_time":0.6314637117,"remaining_time":2.319301296},
{"learn":[948348.9663],"iteration":214,"passed_time":0.6342882792,"remaining_time":2.315889764},
{"learn":[945067.4853],"iteration":215,"passed_time":0.6371236458,"remaining_time":2.312522862},
{"learn":[942436.5488],"iteration":216,"passed_time":0.6398035459,"remaining_time":2.308599891},
{"learn":[939818.9265],"iteration":217,"passed_time":0.6426435131,"remaining_time":2.30526251},
{"learn":[937380.9711],"iteration":218,"passed_time":0.6459558704,"remaining_time":2.303614314},
{"learn":[933990.2133],"iteration":219,"passed_time":0.6489766326,"remaining_time":2.300917152},
{"learn":[931773.4136],"iteration":220,"passed_time":0.6517303208,"remaining_time":2.297275656},
{"learn":[928511.1307],"iteration":221,"passed_time":0.6546407257,"remaining_time":2.294191372},
{"learn":[926031.7194],"iteration":222,"passed_time":0.6572004478,"remaining_time":2.289886762},
{"learn":[923626.1274],"iteration":223,"passed_time":0.6602825381,"remaining_time":2.287407364},
{"learn":[921264.0582],"iteration":224,"passed_time":0.6630046832,"remaining_time":2.283682798},
{"learn":[917763.9939],"iteration":225,"passed_time":0.6658109673,"remaining_time":2.28025526},
{"learn":[915351.5801],"iteration":226,"passed_time":0.6689427493,"remaining_time":2.277941609},
{"learn":[913003.3994],"iteration":227,"passed_time":0.6716778156,"remaining_time":2.274277516},
{"learn":[909687.0494],"iteration":228,"passed_time":0.6744743717,"remaining_time":2.270828561},
{"learn":[907448.3441],"iteration":229,"passed_time":0.6772838764,"remaining_time":2.26742863},
{"learn":[905155.9589],"iteration":230,"passed_time":0.6800764767,"remaining_time":2.263977535},
{"learn":[902851.2792],"iteration":231,"passed_time":0.683095499,"remaining_time":2.261281652},
{"learn":[900584.3036],"iteration":232,"passed_time":0.6864690536,"remaining_time":2.25975006},
{"learn":[898366.1009],"iteration":233,"passed_time":0.6897509593,"remaining_time":2.257902713},
{"learn":[896067.4497],"iteration":234,"passed_time":0.6928587272,"remaining_time":2.255476282},
{"learn":[893877.1376],"iteration":235,"passed_time":0.695508621,"remaining_time":2.251561807},
{"learn":[890771.9829],"iteration":236,"passed_time":0.6983831586,"remaining_time":2.248381224},
{"learn":[888625.0673],"iteration":237,"passed_time":0.7012031926,"remaining_time":2.245028709},
{"learn":[885434.2625],"iteration":238,"passed_time":0.7044862025,"remaining_time":2.243154812},
{"learn":[883354.5008],"iteration":239,"passed_time":0.7078052373,"remaining_time":2.241383252},
{"learn":[881278.5535],"iteration":240,"passed_time":0.7104471421,"remaining_time":2.237466311},
{"learn":[879168.7096],"iteration":241,"passed_time":0.7132595325,"remaining_time":2.234093908},
{"learn":[877068.1946],"iteration":242,"passed_time":0.7167368079,"remaining_time":2.232797381},
{"learn":[874980.1257],"iteration":243,"passed_time":0.7200672823,"remaining_time":2.231028137},
{"learn":[872936.4749],"iteration":244,"passed_time":0.7233179159,"remaining_time":2.229000108},
{"learn":[870714.9305],"iteration":245,"passed_time":0.7262793194,"remaining_time":2.226075638},
{"learn":[868716.2378],"iteration":246,"passed_time":0.7291092817,"remaining_time":2.222750158},
{"learn":[866767.1465],"iteration":247,"passed_time":0.732560868,"remaining_time":2.2213136},
{"learn":[863663.6413],"iteration":248,"passed_time":0.7354683381,"remaining_time":2.218219767},
{"learn":[861721.8194],"iteration":249,"passed_time":0.7387049155,"remaining_time":2.216114746},
{"learn":[860024.3342],"iteration":250,"passed_time":0.7412316144,"remaining_time":2.211882387},
{"learn":[857154.5143],"iteration":251,"passed_time":0.7439829001,"remaining_time":2.208330196},
{"learn":[854523.8374],"iteration":252,"passed_time":0.7468135939,"remaining_time":2.205018793},
{"learn":[851489.478],"iteration":253,"passed_time":0.749843953,"remaining_time":2.202297594},
{"learn":[849835.4711],"iteration":254,"passed_time":0.7527715222,"remaining_time":2.199273663},
{"learn":[847104.9377],"iteration":255,"passed_time":0.75541758,"remaining_time":2.195432342},
{"learn":[844198.3294],"iteration":256,"passed_time":0.758831946,"remaining_time":2.19382154},
{"learn":[842288.5695],"iteration":257,"passed_time":0.7617063444,"remaining_time":2.190643828},
{"learn":[839916.2655],"iteration":258,"passed_time":0.7647632333,"remaining_time":2.187990563},
{"learn":[838068.3283],"iteration":259,"passed_time":0.7679269785,"remaining_time":2.185638324},
{"learn":[836253.2674],"iteration":260,"passed_time":0.7704221645,"remaining_time":2.181386895},
{"learn":[833736.5745],"iteration":261,"passed_time":0.7729380823,"remaining_time":2.17720727},
{"learn":[832011.9759],"iteration":262,"passed_time":0.7759862592,"remaining_time":2.174531837},
{"learn":[830542.7093],"iteration":263,"passed_time":0.7792139522,"remaining_time":2.172354048},
{"learn":[828180.9729],"iteration":264,"passed_time":0.7826671568,"remaining_time":2.170793812},
{"learn":[825417.6441],"iteration":265,"passed_time":0.7854652425,"remaining_time":2.167411609},
{"learn":[823716.4878],"iteration":266,"passed_time":0.7882988881,"remaining_time":2.164131404},
{"learn":[821229.6809],"iteration":267,"passed_time":0.7913350656,"remaining_time":2.161407717},
{"learn":[819005.439],"iteration":268,"passed_time":0.793988468,"remaining_time":2.157641525},
{"learn":[817244.4171],"iteration":269,"passed_time":0.796769048,"remaining_time":2.154227426},
{"learn":[815082.5769],"iteration":270,"passed_time":0.7996632109,"remaining_time":2.151123545},
{"learn":[813003.535],"iteration":271,"passed_time":0.8026248859,"remaining_time":2.1482019},
{"learn":[811059.5423],"iteration":272,"passed_time":0.8051716833,"remaining_time":2.144175142},
{"learn":[809304.3041],"iteration":273,"passed_time":0.8081720546,"remaining_time":2.141360991},
{"learn":[807844.0733],"iteration":274,"passed_time":0.8115646112,"remaining_time":2.139579429},
{"learn":[805253.3873],"iteration":275,"passed_time":0.8142420052,"remaining_time":2.135910187},
{"learn":[803613.5115],"iteration":276,"passed_time":0.8168610354,"remaining_time":2.132095771},
{"learn":[801340.8767],"iteration":277,"passed_time":0.8197219173,"remaining_time":2.128918073},
{"learn":[799680.213],"iteration":278,"passed_time":0.8228295961,"remaining_time":2.126380426},
{"learn":[798181.674],"iteration":279,"passed_time":0.8261025424,"remaining_time":2.12426368},
{"learn":[796611.8735],"iteration":280,"passed_time":0.8290464056,"remaining_time":2.121296675},
{"learn":[795059.7631],"iteration":281,"passed_time":0.8322447623,"remaining_time":2.118977799},
{"learn":[792528.048],"iteration":282,"passed_time":0.8349400982,"remaining_time":2.11537827},
{"learn":[790857.1871],"iteration":283,"passed_time":0.8381363498,"remaining_time":2.11304798},
{"learn":[789211.4731],"iteration":284,"passed_time":0.8416387359,"remaining_time":2.111479636},
{"learn":[787867.3567],"iteration":285,"passed_time":0.8444064528,"remaining_time":2.108063662},
{"learn":[785424.854],"iteration":286,"passed_time":0.8476838145,"remaining_time":2.105918327},
{"learn":[783526.4785],"iteration":287,"passed_time":0.8504089735,"remaining_time":2.102399962},
{"learn":[781620.6772],"iteration":288,"passed_time":0.8538337185,"remaining_time":2.100608214},
{"learn":[779541.2298],"iteration":289,"passed_time":0.856971015,"remaining_time":2.09810145},
{"learn":[777691.9497],"iteration":290,"passed_time":0.8596821793,"remaining_time":2.094552114},
{"learn":[776069.0278],"iteration":291,"passed_time":0.8626791431,"remaining_time":2.091701484},
{"learn":[773734.4458],"iteration":292,"passed_time":0.8651622331,"remaining_time":2.087609894},
{"learn":[771421.2919],"iteration":293,"passed_time":0.8680605526,"remaining_time":2.084526361},
{"learn":[769647.852],"iteration":294,"passed_time":0.8708907422,"remaining_time":2.081281265},
{"learn":[767886.4536],"iteration":295,"passed_time":0.8735359207,"remaining_time":2.077598947},
{"learn":[765813.373],"iteration":296,"passed_time":0.8762583963,"remaining_time":2.074106574},
{"learn":[764341.53],"iteration":297,"passed_time":0.878594821,"remaining_time":2.069709947},
{"learn":[762647.7101],"iteration":298,"passed_time":0.8815147502,"remaining_time":2.066695117},
{"learn":[760427.7225],"iteration":299,"passed_time":0.884303556,"remaining_time":2.063374964},
{"learn":[758768.5345],"iteration":300,"passed_time":0.8870666783,"remaining_time":2.059998698},
{"learn":[757132.834],"iteration":301,"passed_time":0.8897526903,"remaining_time":2.056448271},
{"learn":[755072.5883],"iteration":302,"passed_time":0.892705579,"remaining_time":2.053517454},
{"learn":[753474.1791],"iteration":303,"passed_time":0.895413435,"remaining_time":2.050025496},
{"learn":[751366.0522],"iteration":304,"passed_time":0.8980803959,"remaining_time":2.046445492},
{"learn":[749801.6514],"iteration":305,"passed_time":0.9007176896,"remaining_time":2.042804172},
{"learn":[748023.1548],"iteration":306,"passed_time":0.9033894745,"remaining_time":2.03924725},
{"learn":[745993.2332],"iteration":307,"passed_time":0.9059516927,"remaining_time":2.035449907},
{"learn":[744651.224],"iteration":308,"passed_time":0.9087171158,"remaining_time":2.032114974},
{"learn":[743117.2713],"iteration":309,"passed_time":0.9111012774,"remaining_time":2.027935101},
{"learn":[741796.9496],"iteration":310,"passed_time":0.9134364454,"remaining_time":2.023658234},
{"learn":[740475.1479],"iteration":311,"passed_time":0.9156167712,"remaining_time":2.019052367},
{"learn":[738615.5623],"iteration":312,"passed_time":0.918186685,"remaining_time":2.015317101},
{"learn":[736899.7152],"iteration":313,"passed_time":0.9206449797,"remaining_time":2.011345402},
{"learn":[735711.7663],"iteration":314,"passed_time":0.9230984549,"remaining_time":2.007372831},
{"learn":[733803.9281],"iteration":315,"passed_time":0.925522704,"remaining_time":2.003346612},
{"learn":[732520.3652],"iteration":316,"passed_time":0.9279089091,"remaining_time":1.999248533},
{"learn":[730728.3717],"iteration":317,"passed_time":0.9303728424,"remaining_time":1.99532792},
{"learn":[729457.2897],"iteration":318,"passed_time":0.9331504556,"remaining_time":1.992086082},
{"learn":[728192.8942],"iteration":319,"passed_time":0.9360334029,"remaining_time":1.989070981},
{"learn":[726736.4212],"iteration":320,"passed_time":0.9392846289,"remaining_time":1.98683571},
{"learn":[724987.6749],"iteration":321,"passed_time":0.9415604105,"remaining_time":1.982540243},
{"learn":[723366.7431],"iteration":322,"passed_time":0.9442909102,"remaining_time":1.97921036},
{"learn":[721961.5627],"iteration":323,"passed_time":0.9470969715,"remaining_time":1.976041829},
{"learn":[720387.9005],"iteration":324,"passed_time":0.9502005378,"remaining_time":1.973493425},
{"learn":[719092.1886],"iteration":325,"passed_time":0.9534782805,"remaining_time":1.971301721},
{"learn":[717212.2281],"iteration":326,"passed_time":0.9559882368,"remaining_time":1.967523191},
{"learn":[715697.0308],"iteration":327,"passed_time":0.9589504971,"remaining_time":1.964679067},
{"learn":[714483.6706],"iteration":328,"passed_time":0.9618193901,"remaining_time":1.961643802},
{"learn":[713254.3864],"iteration":329,"passed_time":0.964656699,"remaining_time":1.958545419},
{"learn":[712004.1133],"iteration":330,"passed_time":0.9678866923,"remaining_time":1.956242287},
{"learn":[710276.0572],"iteration":331,"passed_time":0.9705838418,"remaining_time":1.952861465},
{"learn":[708980.7128],"iteration":332,"passed_time":0.973219095,"remaining_time":1.94936077},
{"learn":[707297.9857],"iteration":333,"passed_time":0.9760950346,"remaining_time":1.946345189},
{"learn":[706097.0531],"iteration":334,"passed_time":0.9790457322,"remaining_time":1.943478842},
{"learn":[704476.4217],"iteration":335,"passed_time":0.9818353508,"remaining_time":1.940293669},
{"learn":[703285.8948],"iteration":336,"passed_time":0.9845159299,"remaining_time":1.936896325},
{"learn":[701882.8464],"iteration":337,"passed_time":0.9869661965,"remaining_time":1.933052136},
{"learn":[700699.1636],"iteration":338,"passed_time":0.9895696412,"remaining_time":1.929514846},
{"learn":[699084.5725],"iteration":339,"passed_time":0.9923411361,"remaining_time":1.926309264},
{"learn":[697895.193],"iteration":340,"passed_time":0.995139706,"remaining_time":1.923158552},
{"learn":[696771.9325],"iteration":341,"passed_time":0.9982271706,"remaining_time":1.920565726},
{"learn":[695561.5701],"iteration":342,"passed_time":1.001010838,"remaining_time":1.917388107},
{"learn":[694422.6119],"iteration":343,"passed_time":1.003670589,"remaining_time":1.913976471},
{"learn":[693303.5948],"iteration":344,"passed_time":1.005928528,"remaining_time":1.909806336},
{"learn":[692122.679],"iteration":345,"passed_time":1.008999635,"remaining_time":1.907184282},
{"learn":[690989.6455],"iteration":346,"passed_time":1.01187338,"remaining_time":1.904188235},
{"learn":[689960.8224],"iteration":347,"passed_time":1.014419568,"remaining_time":1.900579191},
{"learn":[688846.0171],"iteration":348,"passed_time":1.017412026,"remaining_time":1.897808679},
{"learn":[687942.3414],"iteration":349,"passed_time":1.020352262,"remaining_time":1.894939915},
{"learn":[686189.0138],"iteration":350,"passed_time":1.023339013,"remaining_time":1.892156751},
{"learn":[684929.6721],"iteration":351,"passed_time":1.026268166,"remaining_time":1.889266397},
{"learn":[683855.8384],"iteration":352,"passed_time":1.02941587,"remaining_time":1.886776396},
{"learn":[682176.6144],"iteration":353,"passed_time":1.032803866,"remaining_time":1.884721179},
{"learn":[681125.689],"iteration":354,"passed_time":1.035756374,"remaining_time":1.881867215},
{"learn":[680119.8856],"iteration":355,"passed_time":1.03915416,"remaining_time":1.879818199},
{"learn":[679056.925],"iteration":356,"passed_time":1.042799574,"remaining_time":1.878207636},
{"learn":[677381.9257],"iteration":357,"passed_time":1.046107359,"remaining_time":1.875980237},
{"learn":[676402.831],"iteration":358,"passed_time":1.049259665,"remaining_time":1.873469206},
{"learn":[674805.3103],"iteration":359,"passed_time":1.052724832,"remaining_time":1.871510813},
{"learn":[673736.7142],"iteration":360,"passed_time":1.056499256,"remaining_time":1.87009148},
{"learn":[672742.8024],"iteration":361,"passed_time":1.059744038,"remaining_time":1.86772568},
{"learn":[671726.0565],"iteration":362,"passed_time":1.062852498,"remaining_time":1.865115817},
{"learn":[670767.2083],"iteration":363,"passed_time":1.066032837,"remaining_time":1.862628803},
{"learn":[669880.374],"iteration":364,"passed_time":1.069195785,"remaining_time":1.860107735},
{"learn":[668924.5314],"iteration":365,"passed_time":1.07171632,"remaining_time":1.856470347},
{"learn":[667391.2465],"iteration":366,"passed_time":1.074027643,"remaining_time":1.852478195},
{"learn":[666548.008],"iteration":367,"passed_time":1.076378576,"remaining_time":1.848563206},
{"learn":[665734.271],"iteration":368,"passed_time":1.078724297,"remaining_time":1.844647782},
{"learn":[664887.7149],"iteration":369,"passed_time":1.080838678,"remaining_time":1.840346937},
{"learn":[663988.1561],"iteration":370,"passed_time":1.082554893,"remaining_time":1.835382825},
{"learn":[662501.133],"iteration":371,"passed_time":1.085251045,"remaining_time":1.832090474},
{"learn":[661507.3578],"iteration":372,"passed_time":1.087694732,"remaining_time":1.828376936},
{"learn":[660601.9886],"iteration":373,"passed_time":1.089913507,"remaining_time":1.824293732},
{"learn":[659430.2117],"iteration":374,"passed_time":1.092105902,"remaining_time":1.820176503},
{"learn":[658549.2368],"iteration":375,"passed_time":1.094552461,"remaining_time":1.816491319},
{"learn":[657597.7886],"iteration":376,"passed_time":1.096702686,"remaining_time":1.812323006},
{"learn":[656132.9928],"iteration":377,"passed_time":1.098709757,"remaining_time":1.807929812},
{"learn":[655214.9425],"iteration":378,"passed_time":1.100964912,"remaining_time":1.803955701},
{"learn":[654111.4668],"iteration":379,"passed_time":1.102589063,"remaining_time":1.798961103},
{"learn":[652985.1674],"iteration":380,"passed_time":1.105309016,"remaining_time":1.795764516},
{"learn":[651875.8674],"iteration":381,"passed_time":1.108295094,"remaining_time":1.793000964},
{"learn":[650474.7931],"iteration":382,"passed_time":1.110221269,"remaining_time":1.78852878},
{"learn":[649606.8541],"iteration":383,"passed_time":1.113410624,"remaining_time":1.786096209},
{"learn":[648794.3012],"iteration":384,"passed_time":1.116796357,"remaining_time":1.783973401},
{"learn":[647847.4058],"iteration":385,"passed_time":1.119539425,"remaining_time":1.78082178},
{"learn":[647060.1995],"iteration":386,"passed_time":1.122329776,"remaining_time":1.777747165},
{"learn":[646100.3589],"iteration":387,"passed_time":1.12474489,"remaining_time":1.774082146},
{"learn":[644687.0931],"iteration":388,"passed_time":1.126979116,"remaining_time":1.770139434},
{"learn":[643504.0146],"iteration":389,"passed_time":1.12981097,"remaining_time":1.767140235},
{"learn":[642335.7351],"iteration":390,"passed_time":1.132980456,"remaining_time":1.764667769},
{"learn":[641638.8029],"iteration":391,"passed_time":1.136265038,"remaining_time":1.762370263},
{"learn":[640563.7147],"iteration":392,"passed_time":1.138452282,"remaining_time":1.758372862},
{"learn":[639793.3458],"iteration":393,"passed_time":1.141175188,"remaining_time":1.755208538},
{"learn":[639086.7616],"iteration":394,"passed_time":1.144728269,"remaining_time":1.753317982},
{"learn":[638253.1207],"iteration":395,"passed_time":1.148305694,"remaining_time":1.75145616},
{"learn":[637167.5549],"iteration":396,"passed_time":1.151058918,"remaining_time":1.748333823},
{"learn":[635839.5093],"iteration":397,"passed_time":1.153929217,"remaining_time":1.745390423},
{"learn":[635012.2622],"iteration":398,"passed_time":1.15683528,"remaining_time":1.742501261},
{"learn":[634356.9283],"iteration":399,"passed_time":1.16118856,"remaining_time":1.74178284},
{"learn":[633746.3978],"iteration":400,"passed_time":1.164778144,"remaining_time":1.739905507},
{"learn":[632813.2815],"iteration":401,"passed_time":1.169480462,"remaining_time":1.739674916},
{"learn":[632047.0699],"iteration":402,"passed_time":1.172503509,"remaining_time":1.736934478},
{"learn":[631345.035],"iteration":403,"passed_time":1.175652228,"remaining_time":1.734378039},
{"learn":[630319.9684],"iteration":404,"passed_time":1.179660782,"remaining_time":1.73308189},
{"learn":[629230.59],"iteration":405,"passed_time":1.183637671,"remaining_time":1.731726051},
{"learn":[628626.2376],"iteration":406,"passed_time":1.186782299,"remaining_time":1.729144725},
{"learn":[627596.7159],"iteration":407,"passed_time":1.190419415,"remaining_time":1.72727523},
{"learn":[627007.8821],"iteration":408,"passed_time":1.193187786,"remaining_time":1.724141765},
{"learn":[626293.7067],"iteration":409,"passed_time":1.195822845,"remaining_time":1.72081824},
{"learn":[625729.0273],"iteration":410,"passed_time":1.198333142,"remaining_time":1.717319272},
{"learn":[624758.7088],"iteration":411,"passed_time":1.200929597,"remaining_time":1.713948065},
{"learn":[623352.5146],"iteration":412,"passed_time":1.204791539,"remaining_time":1.712379258},
{"learn":[621971.752],"iteration":413,"passed_time":1.207319242,"remaining_time":1.708910811},
{"learn":[621387.2631],"iteration":414,"passed_time":1.209897112,"remaining_time":1.705517615},
{"learn":[620408.4008],"iteration":415,"passed_time":1.212651133,"remaining_time":1.702375629},
{"learn":[619840.0748],"iteration":416,"passed_time":1.215279743,"remaining_time":1.699060169},
{"learn":[618842.4637],"iteration":417,"passed_time":1.217820832,"remaining_time":1.695626134},
{"learn":[617888.7125],"iteration":418,"passed_time":1.220446223,"remaining_time":1.69231326},
{"learn":[616808.3984],"iteration":419,"passed_time":1.222976882,"remaining_time":1.688872836},
{"learn":[615575.5835],"iteration":420,"passed_time":1.225592864,"remaining_time":1.685554082},
{"learn":[614551.5419],"iteration":421,"passed_time":1.228452536,"remaining_time":1.68257243},
{"learn":[613357.9754],"iteration":422,"passed_time":1.230938483,"remaining_time":1.679081571},
{"learn":[612709.1772],"iteration":423,"passed_time":1.233811371,"remaining_time":1.676121108},
{"learn":[611640.9137],"iteration":424,"passed_time":1.236454223,"remaining_time":1.672849831},
{"learn":[610967.6422],"iteration":425,"passed_time":1.238954488,"remaining_time":1.66938938},
{"learn":[610123.5281],"iteration":426,"passed_time":1.241611418,"remaining_time":1.666143659},
{"learn":[608647.9933],"iteration":427,"passed_time":1.243956799,"remaining_time":1.66248432},
{"learn":[607748.4533],"iteration":428,"passed_time":1.24656716,"remaining_time":1.659183795},
{"learn":[606491.3045],"iteration":429,"passed_time":1.249392179,"remaining_time":1.656171028},
{"learn":[605411.1586],"iteration":430,"passed_time":1.252049365,"remaining_time":1.65293756},
{"learn":[604486.2451],"iteration":431,"passed_time":1.254578673,"remaining_time":1.649538626},
{"learn":[603860.4687],"iteration":432,"passed_time":1.257258425,"remaining_time":1.646340709},
{"learn":[602850.8519],"iteration":433,"passed_time":1.259640101,"remaining_time":1.642756445},
{"learn":[601944.7309],"iteration":434,"passed_time":1.262316172,"remaining_time":1.639560086},
{"learn":[600752.465],"iteration":435,"passed_time":1.264776237,"remaining_time":1.636086692},
{"learn":[599739.9038],"iteration":436,"passed_time":1.26715535,"remaining_time":1.632513643},
{"learn":[598835.7624],"iteration":437,"passed_time":1.269773491,"remaining_time":1.629252744},
{"learn":[598228.2347],"iteration":438,"passed_time":1.272390962,"remaining_time":1.625993917},
{"learn":[597591.3529],"iteration":439,"passed_time":1.274899567,"remaining_time":1.622599449},
{"learn":[597012.8635],"iteration":440,"passed_time":1.277416994,"remaining_time":1.61922018},
{"learn":[596542.3674],"iteration":441,"passed_time":1.279743878,"remaining_time":1.615604263},
{"learn":[595708.6309],"iteration":442,"passed_time":1.282351648,"remaining_time":1.612347331},
{"learn":[595135.1568],"iteration":443,"passed_time":1.284929135,"remaining_time":1.609055403},
{"learn":[594306.2155],"iteration":444,"passed_time":1.287707831,"remaining_time":1.606017632},
{"learn":[593727.3838],"iteration":445,"passed_time":1.290356559,"remaining_time":1.602819582},
{"learn":[593225.3268],"iteration":446,"passed_time":1.292958129,"remaining_time":1.599565649},
{"learn":[592514.6022],"iteration":447,"passed_time":1.295830514,"remaining_time":1.596648311},
{"learn":[591136.9844],"iteration":448,"passed_time":1.298195565,"remaining_time":1.593108589},
{"learn":[590325.1725],"iteration":449,"passed_time":1.300659669,"remaining_time":1.589695151},
{"learn":[589167.4197],"iteration":450,"passed_time":1.303091556,"remaining_time":1.586246705},
{"learn":[588247.1091],"iteration":451,"passed_time":1.305578757,"remaining_time":1.58286982},
{"learn":[587667.0829],"iteration":452,"passed_time":1.308133971,"remaining_time":1.57957899},
{"learn":[586744.4389],"iteration":453,"passed_time":1.311214222,"remaining_time":1.576922831},
{"learn":[586187.8165],"iteration":454,"passed_time":1.313726761,"remaining_time":1.573584801},
{"learn":[585247.8918],"iteration":455,"passed_time":1.316316749,"remaining_time":1.570342788},
{"learn":[584732.6687],"iteration":456,"passed_time":1.318974542,"remaining_time":1.567184194},
{"learn":[584172.695],"iteration":457,"passed_time":1.321656783,"remaining_time":1.564056717},
{"learn":[583256.6476],"iteration":458,"passed_time":1.324269955,"remaining_time":1.560849772},
{"learn":[582366.4562],"iteration":459,"passed_time":1.326791372,"remaining_time":1.557537698},
{"learn":[581512.9133],"iteration":460,"passed_time":1.329425354,"remaining_time":1.554360663},
{"learn":[580771.3799],"iteration":461,"passed_time":1.332074743,"remaining_time":1.551203922},
{"learn":[579945.4253],"iteration":462,"passed_time":1.3346881,"remaining_time":1.548007581},
{"learn":[579533.3471],"iteration":463,"passed_time":1.337383236,"remaining_time":1.544908221},
{"learn":[578962.9596],"iteration":464,"passed_time":1.339888065,"remaining_time":1.541591645},
{"learn":[578110.9413],"iteration":465,"passed_time":1.342372033,"remaining_time":1.538254647},
{"learn":[577212.4557],"iteration":466,"passed_time":1.345035732,"remaining_time":1.535126435},
{"learn":[575919.5522],"iteration":467,"passed_time":1.347664597,"remaining_time":1.53196061},
{"learn":[575095.5463],"iteration":468,"passed_time":1.350300978,"remaining_time":1.528805585},
{"learn":[574493.9872],"iteration":469,"passed_time":1.352882082,"remaining_time":1.525590432},
{"learn":[573725.3036],"iteration":470,"passed_time":1.355540043,"remaining_time":1.522464295},
{"learn":[573225.3612],"iteration":471,"passed_time":1.358189913,"remaining_time":1.519331089},
{"learn":[572609.4278],"iteration":472,"passed_time":1.360657782,"remaining_time":1.515997148},
{"learn":[572024.1717],"iteration":473,"passed_time":1.363179511,"remaining_time":1.51272663},
{"learn":[571251.3014],"iteration":474,"passed_time":1.36600633,"remaining_time":1.50979647},
{"learn":[570412.4725],"iteration":475,"passed_time":1.368705038,"remaining_time":1.506725714},
{"learn":[569692.3098],"iteration":476,"passed_time":1.37143503,"remaining_time":1.503690819},
{"learn":[569224.1574],"iteration":477,"passed_time":1.374251533,"remaining_time":1.500751674},
{"learn":[568527.822],"iteration":478,"passed_time":1.376802527,"remaining_time":1.497524252},
{"learn":[567292.7633],"iteration":479,"passed_time":1.379453681,"remaining_time":1.494408154},
{"learn":[566769.125],"iteration":480,"passed_time":1.382343926,"remaining_time":1.49155197},
{"learn":[565895.8397],"iteration":481,"passed_time":1.385796331,"remaining_time":1.489299791},
{"learn":[565143.8966],"iteration":482,"passed_time":1.389421871,"remaining_time":1.487227966},
{"learn":[564151.4409],"iteration":483,"passed_time":1.392812936,"remaining_time":1.484899742},
{"learn":[563358.3081],"iteration":484,"passed_time":1.396179334,"remaining_time":1.482540943},
{"learn":[562694.223],"iteration":485,"passed_time":1.399123842,"remaining_time":1.4797318},
{"learn":[561913.182],"iteration":486,"passed_time":1.401756777,"remaining_time":1.476593894},
{"learn":[560942.3185],"iteration":487,"passed_time":1.404908236,"remaining_time":1.474002083},
{"learn":[560516.7427],"iteration":488,"passed_time":1.408307692,"remaining_time":1.471667138},
{"learn":[559723.8323],"iteration":489,"passed_time":1.412135784,"remaining_time":1.469773979},
{"learn":[558787.9035],"iteration":490,"passed_time":1.415048606,"remaining_time":1.466924115},
{"learn":[558205.6748],"iteration":491,"passed_time":1.418067574,"remaining_time":1.464183592},
{"learn":[557487.6969],"iteration":492,"passed_time":1.421193476,"remaining_time":1.461551912},
{"learn":[556307.9716],"iteration":493,"passed_time":1.424557016,"remaining_time":1.45916164},
{"learn":[555742.0037],"iteration":494,"passed_time":1.427851905,"remaining_time":1.456697398},
{"learn":[555092.7104],"iteration":495,"passed_time":1.430512622,"remaining_time":1.453585406},
{"learn":[554528.9538],"iteration":496,"passed_time":1.433651316,"remaining_time":1.450958978},
{"learn":[554095.4298],"iteration":497,"passed_time":1.436552445,"remaining_time":1.448091019},
{"learn":[553391.3757],"iteration":498,"passed_time":1.439744442,"remaining_time":1.445514961},
{"learn":[552268.9856],"iteration":499,"passed_time":1.443137067,"remaining_time":1.443137067},
{"learn":[551444.7523],"iteration":500,"passed_time":1.445929254,"remaining_time":1.440157081},
{"learn":[551021.7735],"iteration":501,"passed_time":1.449167689,"remaining_time":1.437620536},
{"learn":[550245.7493],"iteration":502,"passed_time":1.452659112,"remaining_time":1.43533117},
{"learn":[549452.3283],"iteration":503,"passed_time":1.455957355,"remaining_time":1.432846921},
{"learn":[549004.1754],"iteration":504,"passed_time":1.458642542,"remaining_time":1.429758531},
{"learn":[548570.3739],"iteration":505,"passed_time":1.461730574,"remaining_time":1.427065027},
{"learn":[548049.987],"iteration":506,"passed_time":1.464509419,"remaining_time":1.424069317},
{"learn":[547319.3843],"iteration":507,"passed_time":1.467605724,"remaining_time":1.421381921},
{"learn":[546231.9296],"iteration":508,"passed_time":1.470502101,"remaining_time":1.418500062},
{"learn":[545336.5171],"iteration":509,"passed_time":1.473448483,"remaining_time":1.41566619},
{"learn":[544676.9497],"iteration":510,"passed_time":1.476346605,"remaining_time":1.412785694},
{"learn":[544161.9826],"iteration":511,"passed_time":1.47935663,"remaining_time":1.410011788},
{"learn":[543524.246],"iteration":512,"passed_time":1.482660286,"remaining_time":1.40751571},
{"learn":[542902.086],"iteration":513,"passed_time":1.485653624,"remaining_time":1.404723077},
{"learn":[542393.2096],"iteration":514,"passed_time":1.488649235,"remaining_time":1.401931804},
{"learn":[541585.5265],"iteration":515,"passed_time":1.492037264,"remaining_time":1.399507821},
{"learn":[541048.1588],"iteration":516,"passed_time":1.495023811,"remaining_time":1.39670503},
{"learn":[540378.6367],"iteration":517,"passed_time":1.498126881,"remaining_time":1.394009955},
{"learn":[539753.8522],"iteration":518,"passed_time":1.501361503,"remaining_time":1.391435227},
{"learn":[538715.1254],"iteration":519,"passed_time":1.504333321,"remaining_time":1.388615374},
{"learn":[538131.175],"iteration":520,"passed_time":1.50747723,"remaining_time":1.385953154},
{"learn":[537683.0111],"iteration":521,"passed_time":1.510858444,"remaining_time":1.383506391},
{"learn":[537293.0261],"iteration":522,"passed_time":1.51370212,"remaining_time":1.380565796},
{"learn":[536763.8719],"iteration":523,"passed_time":1.517143031,"remaining_time":1.378168096},
{"learn":[536409.7187],"iteration":524,"passed_time":1.520187043,"remaining_time":1.375407324},
{"learn":[535832.036],"iteration":525,"passed_time":1.523092617,"remaining_time":1.372520724},
{"learn":[535371.7757],"iteration":526,"passed_time":1.526556986,"remaining_time":1.370135587},
{"learn":[534375.0111],"iteration":527,"passed_time":1.530607888,"remaining_time":1.368270687},
{"learn":[533900.2844],"iteration":528,"passed_time":1.534043712,"remaining_time":1.365849883},
{"learn":[533405.8808],"iteration":529,"passed_time":1.536723712,"remaining_time":1.36275499},
{"learn":[533023.8113],"iteration":530,"passed_time":1.540015693,"remaining_time":1.360202184},
{"learn":[532265.285],"iteration":531,"passed_time":1.543140923,"remaining_time":1.35749991},
{"learn":[531803.8993],"iteration":532,"passed_time":1.546253541,"remaining_time":1.354784997},
{"learn":[531104.8204],"iteration":533,"passed_time":1.54967847,"remaining_time":1.352341137},
{"learn":[530403.3678],"iteration":534,"passed_time":1.552924681,"remaining_time":1.349738274},
{"learn":[529797.6302],"iteration":535,"passed_time":1.556144484,"remaining_time":1.34711015},
{"learn":[529112.7004],"iteration":536,"passed_time":1.559226841,"remaining_time":1.344361318},
{"learn":[528465.1222],"iteration":537,"passed_time":1.563128607,"remaining_time":1.3423149},
{"learn":[527815.5459],"iteration":538,"passed_time":1.566613277,"remaining_time":1.339904862},
{"learn":[527199.8735],"iteration":539,"passed_time":1.56996839,"remaining_time":1.33738048},
{"learn":[526525.8872],"iteration":540,"passed_time":1.573036627,"remaining_time":1.334609633},
{"learn":[525933.0674],"iteration":541,"passed_time":1.575989622,"remaining_time":1.331740308},
{"learn":[525384.6304],"iteration":542,"passed_time":1.579720861,"remaining_time":1.32952566},
{"learn":[524738.3088],"iteration":543,"passed_time":1.583493942,"remaining_time":1.32734051},
{"learn":[524210.0903],"iteration":544,"passed_time":1.592196936,"remaining_time":1.329265332},
{"learn":[523614.5433],"iteration":545,"passed_time":1.59480987,"remaining_time":1.326087328},
{"learn":[522662.0974],"iteration":546,"passed_time":1.597430533,"remaining_time":1.32291779},
{"learn":[522082.9813],"iteration":547,"passed_time":1.60002337,"remaining_time":1.319727305},
{"learn":[521165.973],"iteration":548,"passed_time":1.602405916,"remaining_time":1.316366244},
{"learn":[520537.4059],"iteration":549,"passed_time":1.605155732,"remaining_time":1.313309235},
{"learn":[520141.1798],"iteration":550,"passed_time":1.607495864,"remaining_time":1.309919497},
{"learn":[519713.0113],"iteration":551,"passed_time":1.610164744,"remaining_time":1.306800372},
{"learn":[519218.3722],"iteration":552,"passed_time":1.61292788,"remaining_time":1.303759064},
{"learn":[518350.8077],"iteration":553,"passed_time":1.61561408,"remaining_time":1.300656823},
{"learn":[517949.1725],"iteration":554,"passed_time":1.618426986,"remaining_time":1.297657674},
{"learn":[517341.2792],"iteration":555,"passed_time":1.621236249,"remaining_time":1.294656285},
{"learn":[516876.5438],"iteration":556,"passed_time":1.624294203,"remaining_time":1.291853379},
{"learn":[516156.7196],"iteration":557,"passed_time":1.627204919,"remaining_time":1.288932929},
{"learn":[515503.9684],"iteration":558,"passed_time":1.630485371,"remaining_time":1.286304202},
{"learn":[514943.2302],"iteration":559,"passed_time":1.633127757,"remaining_time":1.283171809},
{"learn":[514550.9739],"iteration":560,"passed_time":1.635879828,"remaining_time":1.280126996},
{"learn":[513929.619],"iteration":561,"passed_time":1.638766742,"remaining_time":1.277188315},
{"learn":[513074.8656],"iteration":562,"passed_time":1.641572202,"remaining_time":1.274186593},
{"learn":[512333.7299],"iteration":563,"passed_time":1.644479678,"remaining_time":1.271264432},
{"learn":[511913.7289],"iteration":564,"passed_time":1.647627803,"remaining_time":1.268527601},
{"learn":[511349.1888],"iteration":565,"passed_time":1.650324219,"remaining_time":1.265442953},
{"learn":[510761.1459],"iteration":566,"passed_time":1.653322939,"remaining_time":1.262590534},
{"learn":[509958.9463],"iteration":567,"passed_time":1.655942971,"remaining_time":1.259449584},
{"learn":[509370.7213],"iteration":568,"passed_time":1.658860959,"remaining_time":1.256536157},
{"learn":[508884.6016],"iteration":569,"passed_time":1.661832018,"remaining_time":1.253662751},
{"learn":[508237.0264],"iteration":570,"passed_time":1.664820662,"remaining_time":1.250802213},
{"learn":[507892.3911],"iteration":571,"passed_time":1.667479442,"remaining_time":1.247694408},
{"learn":[507408.0984],"iteration":572,"passed_time":1.670125971,"remaining_time":1.244579039},
{"learn":[507004.2831],"iteration":573,"passed_time":1.672782882,"remaining_time":1.24147301},
{"learn":[506661.7829],"iteration":574,"passed_time":1.675577776,"remaining_time":1.23847053},
{"learn":[505964.4695],"iteration":575,"passed_time":1.678385948,"remaining_time":1.235478545},
{"learn":[505422.7587],"iteration":576,"passed_time":1.681234065,"remaining_time":1.232516481},
{"learn":[504824.2043],"iteration":577,"passed_time":1.684466469,"remaining_time":1.22983538},
{"learn":[504482.0389],"iteration":578,"passed_time":1.687761998,"remaining_time":1.227198275},
{"learn":[503913.8287],"iteration":579,"passed_time":1.690684407,"remaining_time":1.224288708},
{"learn":[503552.2668],"iteration":580,"passed_time":1.693792807,"remaining_time":1.221513229},
{"learn":[503127.4485],"iteration":581,"passed_time":1.696433378,"remaining_time":1.218400605},
{"learn":[502740.4361],"iteration":582,"passed_time":1.699396518,"remaining_time":1.215520322},
{"learn":[502067.9671],"iteration":583,"passed_time":1.702328345,"remaining_time":1.212617451},
{"learn":[501601.0986],"iteration":584,"passed_time":1.70489029,"remaining_time":1.209452086},
{"learn":[500925.497],"iteration":585,"passed_time":1.707615447,"remaining_time":1.206404087},
{"learn":[500356.633],"iteration":586,"passed_time":1.710485259,"remaining_time":1.203458964},
{"learn":[499837.9782],"iteration":587,"passed_time":1.713319897,"remaining_time":1.200489452},
{"learn":[499395.7391],"iteration":588,"passed_time":1.716086247,"remaining_time":1.197472746},
{"learn":[498979.1805],"iteration":589,"passed_time":1.719261849,"remaining_time":1.194741285},
{"learn":[498438.8446],"iteration":590,"passed_time":1.722178512,"remaining_time":1.191829122},
{"learn":[497704.7135],"iteration":591,"passed_time":1.725273838,"remaining_time":1.189040077},
{"learn":[497343.8014],"iteration":592,"passed_time":1.728506096,"remaining_time":1.186343982},
{"learn":[496784.7519],"iteration":593,"passed_time":1.731692931,"remaining_time":1.183615034},
{"learn":[496211.4503],"iteration":594,"passed_time":1.735251917,"remaining_time":1.18113786},
{"learn":[495821.763],"iteration":595,"passed_time":1.73836365,"remaining_time":1.178353884},
{"learn":[495417.5961],"iteration":596,"passed_time":1.741671411,"remaining_time":1.175701137},
{"learn":[494898.8207],"iteration":597,"passed_time":1.744697455,"remaining_time":1.172856817},
{"learn":[494553.4684],"iteration":598,"passed_time":1.747777693,"remaining_time":1.170048172},
{"learn":[494096.7385],"iteration":599,"passed_time":1.750804129,"remaining_time":1.167202753},
{"learn":[493719.5333],"iteration":600,"passed_time":1.753764822,"remaining_time":1.164313085},
{"learn":[492991.4645],"iteration":601,"passed_time":1.757161987,"remaining_time":1.161711746},
{"learn":[492458.371],"iteration":602,"passed_time":1.759728389,"remaining_time":1.158560814},
{"learn":[491952.1996],"iteration":603,"passed_time":1.762635396,"remaining_time":1.155635127},
{"learn":[491216.8385],"iteration":604,"passed_time":1.765361299,"remaining_time":1.152591261},
{"learn":[490875.7075],"iteration":605,"passed_time":1.768753741,"remaining_time":1.149981805},
{"learn":[490422.5348],"iteration":606,"passed_time":1.771724102,"remaining_time":1.147096494},
{"learn":[489690.0242],"iteration":607,"passed_time":1.774680441,"remaining_time":1.144201864},
{"learn":[489170.4457],"iteration":608,"passed_time":1.777742919,"remaining_time":1.141375175},
{"learn":[488659.8698],"iteration":609,"passed_time":1.780501108,"remaining_time":1.138353167},
{"learn":[487954.0006],"iteration":610,"passed_time":1.783343674,"remaining_time":1.135385743},
{"learn":[487241.4627],"iteration":611,"passed_time":1.786628589,"remaining_time":1.132699171},
{"learn":[486665.494],"iteration":612,"passed_time":1.789790618,"remaining_time":1.129933066},
{"learn":[486244.5667],"iteration":613,"passed_time":1.792761297,"remaining_time":1.127045376},
{"learn":[485627.4417],"iteration":614,"passed_time":1.795796668,"remaining_time":1.124197914},
{"learn":[485250.0652],"iteration":615,"passed_time":1.798805557,"remaining_time":1.121333334},
{"learn":[484894.9376],"iteration":616,"passed_time":1.80167093,"remaining_time":1.1183792},
{"learn":[484109.0012],"iteration":617,"passed_time":1.804831128,"remaining_time":1.11560759},
{"learn":[483804.9448],"iteration":618,"passed_time":1.807449276,"remaining_time":1.112501089},
{"learn":[483243.9656],"iteration":619,"passed_time":1.810254406,"remaining_time":1.109510765},
{"learn":[482782.9269],"iteration":620,"passed_time":1.813188339,"remaining_time":1.106599646},
{"learn":[482435.2693],"iteration":621,"passed_time":1.815998471,"remaining_time":1.103613219},
{"learn":[481771.613],"iteration":622,"passed_time":1.818925203,"remaining_time":1.100697916},
{"learn":[481307.4658],"iteration":623,"passed_time":1.821888744,"remaining_time":1.097804756},
{"learn":[480784.5668],"iteration":624,"passed_time":1.824668673,"remaining_time":1.094801204},
{"learn":[480309.465],"iteration":625,"passed_time":1.827581156,"remaining_time":1.09187756},
{"learn":[479793.3546],"iteration":626,"passed_time":1.830528077,"remaining_time":1.088974438},
{"learn":[479416.3043],"iteration":627,"passed_time":1.833535998,"remaining_time":1.086107311},
{"learn":[479085.9282],"iteration":628,"passed_time":1.836667851,"remaining_time":1.083312834},
{"learn":[478413.0183],"iteration":629,"passed_time":1.839669401,"remaining_time":1.080440759},
{"learn":[477751.4928],"iteration":630,"passed_time":1.842620152,"remaining_time":1.077538568},
{"learn":[477265.7751],"iteration":631,"passed_time":1.845224655,"remaining_time":1.074434609},
{"learn":[476915.6333],"iteration":632,"passed_time":1.848513613,"remaining_time":1.071729061},
{"learn":[476329.652],"iteration":633,"passed_time":1.851194772,"remaining_time":1.068670799},
{"learn":[475832.5799],"iteration":634,"passed_time":1.854170035,"remaining_time":1.065782776},
{"learn":[475313.3304],"iteration":635,"passed_time":1.857456827,"remaining_time":1.063072775},
{"learn":[474891.617],"iteration":636,"passed_time":1.861528593,"remaining_time":1.060808287},
{"learn":[474148.64],"iteration":637,"passed_time":1.864364725,"remaining_time":1.057837038},
{"learn":[473707.3894],"iteration":638,"passed_time":1.867094489,"remaining_time":1.05480612},
{"learn":[473283.4403],"iteration":639,"passed_time":1.869890944,"remaining_time":1.051813656},
{"learn":[472623.5783],"iteration":640,"passed_time":1.87279065,"remaining_time":1.048879631},
{"learn":[472124.6308],"iteration":641,"passed_time":1.875780348,"remaining_time":1.045995895},
{"learn":[471872.3261],"iteration":642,"passed_time":1.878622685,"remaining_time":1.043030013},
{"learn":[471140.2831],"iteration":643,"passed_time":1.881566016,"remaining_time":1.040120344},
{"learn":[470428.3044],"iteration":644,"passed_time":1.884535091,"remaining_time":1.03722474},
{"learn":[469910.1223],"iteration":645,"passed_time":1.887539261,"remaining_time":1.03434814},
{"learn":[469207.22],"iteration":646,"passed_time":1.890476805,"remaining_time":1.031434795},
{"learn":[468807.6749],"iteration":647,"passed_time":1.89352036,"remaining_time":1.028578961},
{"learn":[468174.2403],"iteration":648,"passed_time":1.896431995,"remaining_time":1.025651202},
{"learn":[467751.9042],"iteration":649,"passed_time":1.900038606,"remaining_time":1.023097711},
{"learn":[467082.7981],"iteration":650,"passed_time":1.903724396,"remaining_time":1.020583432},
{"learn":[466740.6679],"iteration":651,"passed_time":1.906631989,"remaining_time":1.017650203},
{"learn":[466453.5445],"iteration":652,"passed_time":1.90951598,"remaining_time":1.01470451},
{"learn":[466018.7675],"iteration":653,"passed_time":1.912477081,"remaining_time":1.011799801},
{"learn":[465571.5295],"iteration":654,"passed_time":1.915378348,"remaining_time":1.008863405},
{"learn":[464901.0932],"iteration":655,"passed_time":1.918209142,"remaining_time":1.00589016},
{"learn":[464496.106],"iteration":656,"passed_time":1.92094588,"remaining_time":1.002868245},
{"learn":[463836.3612],"iteration":657,"passed_time":1.923709978,"remaining_time":0.9998614171},
{"learn":[463436.6733],"iteration":658,"passed_time":1.926460997,"remaining_time":0.9968485585},
{"learn":[462778.577],"iteration":659,"passed_time":1.929327325,"remaining_time":0.9938958945},
{"learn":[462344.5163],"iteration":660,"passed_time":1.932400556,"remaining_time":0.9910496041},
{"learn":[461922.8926],"iteration":661,"passed_time":1.935161743,"remaining_time":0.9880433066},
{"learn":[461291.5193],"iteration":662,"passed_time":1.938142004,"remaining_time":0.985149103},
{"learn":[460699.9927],"iteration":663,"passed_time":1.941039181,"remaining_time":0.9822125974},
{"learn":[460228.468],"iteration":664,"passed_time":1.943985186,"remaining_time":0.9793008082},
{"learn":[459618.5747],"iteration":665,"passed_time":1.946905912,"remaining_time":0.976376238},
{"learn":[458945.9762],"iteration":666,"passed_time":1.949942101,"remaining_time":0.9735093247},
{"learn":[458696.2274],"iteration":667,"passed_time":1.952970368,"remaining_time":0.9706379672},
{"learn":[458246.9717],"iteration":668,"passed_time":1.955859806,"remaining_time":0.9676974528},
{"learn":[457714.4864],"iteration":669,"passed_time":1.958685271,"remaining_time":0.9647255814},
{"learn":[457031.9724],"iteration":670,"passed_time":1.96143259,"remaining_time":0.9617158304},
{"learn":[456611.0817],"iteration":671,"passed_time":1.964310422,"remaining_time":0.9587705632},
{"learn":[456276.907],"iteration":672,"passed_time":1.967153944,"remaining_time":0.9558088259},
{"learn":[455881.6543],"iteration":673,"passed_time":1.970113909,"remaining_time":0.9529037601},
{"learn":[455455.2423],"iteration":674,"passed_time":1.973619018,"remaining_time":0.9502610087},
{"learn":[455044.234],"iteration":675,"passed_time":1.976738764,"remaining_time":0.9474310051},
{"learn":[454423.3569],"iteration":676,"passed_time":1.979624899,"remaining_time":0.9444886887},
{"learn":[454121.2202],"iteration":677,"passed_time":1.982552055,"remaining_time":0.94156602},
{"learn":[453504.6762],"iteration":678,"passed_time":1.98578815,"remaining_time":0.9387893906},
{"learn":[452858.2055],"iteration":679,"passed_time":1.98904876,"remaining_time":0.9360229458},
{"learn":[452438.3094],"iteration":680,"passed_time":1.992169628,"remaining_time":0.9331895908},
{"learn":[452172.4923],"iteration":681,"passed_time":1.995370948,"remaining_time":0.9303929056},
{"learn":[451876.14],"iteration":682,"passed_time":1.998477887,"remaining_time":0.92755123},
{"learn":[451481.6549],"iteration":683,"passed_time":2.00142788,"remaining_time":0.9246362719},
{"learn":[451112.8491],"iteration":684,"passed_time":2.004815579,"remaining_time":0.9219224924},
{"learn":[450860.2623],"iteration":685,"passed_time":2.007848134,"remaining_time":0.9190441896},
{"learn":[450475.8881],"iteration":686,"passed_time":2.010503944,"remaining_time":0.9159937912},
{"learn":[450106.9704],"iteration":687,"passed_time":2.013328465,"remaining_time":0.9130210482},
{"learn":[449766.1464],"iteration":688,"passed_time":2.016312443,"remaining_time":0.9101207108},
{"learn":[449160.8832],"iteration":689,"passed_time":2.019167558,"remaining_time":0.907162236},
{"learn":[448900.704],"iteration":690,"passed_time":2.022077221,"remaining_time":0.9042284535},
{"learn":[448314.3313],"iteration":691,"passed_time":2.025312641,"remaining_time":0.9014397302},
{"learn":[447692.9442],"iteration":692,"passed_time":2.028365824,"remaining_time":0.8985689868},
{"learn":[447311.268],"iteration":693,"passed_time":2.031329799,"remaining_time":0.8956583839},
{"learn":[446917.1174],"iteration":694,"passed_time":2.034496842,"remaining_time":0.8928367435},
{"learn":[446670.1516],"iteration":695,"passed_time":2.037429356,"remaining_time":0.8899116726},
{"learn":[446324.8425],"iteration":696,"passed_time":2.040483784,"remaining_time":0.887039579},
{"learn":[445714.6792],"iteration":697,"passed_time":2.043397717,"remaining_time":0.8841061758},
{"learn":[445467.8931],"iteration":698,"passed_time":2.046516993,"remaining_time":0.8812612518},
{"learn":[445137.1045],"iteration":699,"passed_time":2.049244646,"remaining_time":0.8782477052},
{"learn":[444741.4171],"iteration":700,"passed_time":2.052002694,"remaining_time":0.8752479396},
{"learn":[444136.436],"iteration":701,"passed_time":2.055061552,"remaining_time":0.8723765564},
{"learn":[443628.9865],"iteration":702,"passed_time":2.057787211,"remaining_time":0.8693638715},
{"learn":[443083.2241],"iteration":703,"passed_time":2.060707197,"remaining_time":0.8664337077},
{"learn":[442684.8853],"iteration":704,"passed_time":2.063378653,"remaining_time":0.863399578},
{"learn":[442318.856],"iteration":705,"passed_time":2.066448885,"remaining_time":0.8605325386},
{"learn":[442051.9927],"iteration":706,"passed_time":2.069340823,"remaining_time":0.8575910341},
{"learn":[441709.8724],"iteration":707,"passed_time":2.072052266,"remaining_time":0.8545752282},
{"learn":[441454.3751],"iteration":708,"passed_time":2.074920699,"remaining_time":0.8516247157},
{"learn":[441201.5685],"iteration":709,"passed_time":2.078145828,"remaining_time":0.8488201268},
{"learn":[441002.1115],"iteration":710,"passed_time":2.080959436,"remaining_time":0.8458470846},
{"learn":[440498.7583],"iteration":711,"passed_time":2.083881926,"remaining_time":0.8429185318},
{"learn":[439953.104],"iteration":712,"passed_time":2.086767151,"remaining_time":0.8399749964},
{"learn":[439596.2997],"iteration":713,"passed_time":2.089713019,"remaining_time":0.837055915},
{"learn":[439318.0908],"iteration":714,"passed_time":2.092545553,"remaining_time":0.8340915839},
{"learn":[439082.943],"iteration":715,"passed_time":2.095612388,"remaining_time":0.831220556},
{"learn":[438698.0188],"iteration":716,"passed_time":2.098504801,"remaining_time":0.8282801377},
{"learn":[438340.3052],"iteration":717,"passed_time":2.101551963,"remaining_time":0.8254006317},
{"learn":[438010.5413],"iteration":718,"passed_time":2.104467237,"remaining_time":0.8224691147},
{"learn":[437574.8472],"iteration":719,"passed_time":2.107413368,"remaining_time":0.8195496431},
{"learn":[436991.2443],"iteration":720,"passed_time":2.110044197,"remaining_time":0.8165080872},
{"learn":[436432.6451],"iteration":721,"passed_time":2.112585594,"remaining_time":0.8134332344},
{"learn":[435853.529],"iteration":722,"passed_time":2.115436372,"remaining_time":0.8104783886},
{"learn":[435301.5691],"iteration":723,"passed_time":2.117988247,"remaining_time":0.8074098842},
{"learn":[434947.2978],"iteration":724,"passed_time":2.120808145,"remaining_time":0.8044444689},
{"learn":[434391.5873],"iteration":725,"passed_time":2.123560041,"remaining_time":0.8014537897},
{"learn":[434055.8836],"iteration":726,"passed_time":2.126436295,"remaining_time":0.7985104655},
{"learn":[433566.1984],"iteration":727,"passed_time":2.129543104,"remaining_time":0.7956534676},
{"learn":[433245.2278],"iteration":728,"passed_time":2.132261645,"remaining_time":0.7926514484},
{"learn":[432906.5105],"iteration":729,"passed_time":2.135334032,"remaining_time":0.7897810802},
{"learn":[432658.5715],"iteration":730,"passed_time":2.138131612,"remaining_time":0.7868090336},
{"learn":[432344.2581],"iteration":731,"passed_time":2.140849024,"remaining_time":0.7838081128},
{"learn":[432148.693],"iteration":732,"passed_time":2.143527829,"remaining_time":0.7807939023},
{"learn":[431580.7845],"iteration":733,"passed_time":2.146140728,"remaining_time":0.7777567216},
{"learn":[431181.3031],"iteration":734,"passed_time":2.148838932,"remaining_time":0.7747514517},
{"learn":[430632.7644],"iteration":735,"passed_time":2.151456536,"remaining_time":0.7717181054},
{"learn":[430313.964],"iteration":736,"passed_time":2.154463973,"remaining_time":0.7688249997},
{"learn":[430009.6755],"iteration":737,"passed_time":2.157573106,"remaining_time":0.765967688},
{"learn":[429653.9673],"iteration":738,"passed_time":2.160687585,"remaining_time":0.7631115826},
{"learn":[429177.9207],"iteration":739,"passed_time":2.163682983,"remaining_time":0.7602129399},
{"learn":[428655.5258],"iteration":740,"passed_time":2.16648166,"remaining_time":0.7572452765},
{"learn":[428126.7172],"iteration":741,"passed_time":2.169455463,"remaining_time":0.7543389614},
{"learn":[427593.3133],"iteration":742,"passed_time":2.172475117,"remaining_time":0.7514483246},
{"learn":[427241.1961],"iteration":743,"passed_time":2.175330196,"remaining_time":0.7485007126},
{"learn":[427027.1556],"iteration":744,"passed_time":2.17821851,"remaining_time":0.7455647251},
{"learn":[426710.857],"iteration":745,"passed_time":2.181198266,"remaining_time":0.7426599994},
{"learn":[426197.6965],"iteration":746,"passed_time":2.184214855,"remaining_time":0.7397675478},
{"learn":[425858.7102],"iteration":747,"passed_time":2.187179442,"remaining_time":0.7368572453},
{"learn":[425515.0639],"iteration":748,"passed_time":2.190175523,"remaining_time":0.7339573517},
{"learn":[425183.5887],"iteration":749,"passed_time":2.193294246,"remaining_time":0.7310980819},
{"learn":[424626.5216],"iteration":750,"passed_time":2.196247419,"remaining_time":0.7281832322},
{"learn":[424291.8121],"iteration":751,"passed_time":2.199004221,"remaining_time":0.7252035198},
{"learn":[423809.9336],"iteration":752,"passed_time":2.201995141,"remaining_time":0.7223011949},
{"learn":[423454.4094],"iteration":753,"passed_time":2.204783825,"remaining_time":0.7193326537},
{"learn":[423248.6966],"iteration":754,"passed_time":2.207644036,"remaining_time":0.7163877998},
{"learn":[423015.6857],"iteration":755,"passed_time":2.210263821,"remaining_time":0.7133655717},
{"learn":[422500.5318],"iteration":756,"passed_time":2.213040144,"remaining_time":0.7103946565},
{"learn":[422300.7565],"iteration":757,"passed_time":2.215777171,"remaining_time":0.7074117088},
{"learn":[422055.4923],"iteration":758,"passed_time":2.218521201,"remaining_time":0.7044316329},
{"learn":[421729.1238],"iteration":759,"passed_time":2.221278301,"remaining_time":0.7014563055},
{"learn":[421142.6624],"iteration":760,"passed_time":2.224031891,"remaining_time":0.6984804493},
{"learn":[420809.6768],"iteration":761,"passed_time":2.226923299,"remaining_time":0.6955482219},
{"learn":[420454.3347],"iteration":762,"passed_time":2.229866601,"remaining_time":0.6926322208},
{"learn":[420093.3336],"iteration":763,"passed_time":2.232494942,"remaining_time":0.6896188566},
{"learn":[419810.151],"iteration":764,"passed_time":2.235194416,"remaining_time":0.6866283501},
{"learn":[419597.2408],"iteration":765,"passed_time":2.238248756,"remaining_time":0.683747009},
{"learn":[419096.6407],"iteration":766,"passed_time":2.241029247,"remaining_time":0.6807820268},
{"learn":[418594.6844],"iteration":767,"passed_time":2.244017356,"remaining_time":0.677880243},
{"learn":[418400.2819],"iteration":768,"passed_time":2.246227385,"remaining_time":0.674744507},
{"learn":[418097.2065],"iteration":769,"passed_time":2.248985331,"remaining_time":0.671774839},
{"learn":[417755.7866],"iteration":770,"passed_time":2.252040699,"remaining_time":0.6688940597},
{"learn":[417521.3739],"iteration":771,"passed_time":2.254929628,"remaining_time":0.6659636724},
{"learn":[417219.9172],"iteration":772,"passed_time":2.257932956,"remaining_time":0.6630669871},
{"learn":[416994.3045],"iteration":773,"passed_time":2.260538687,"remaining_time":0.6600539318},
{"learn":[416500.0685],"iteration":774,"passed_time":2.263314846,"remaining_time":0.657091407},
{"learn":[416266.2284],"iteration":775,"passed_time":2.266215336,"remaining_time":0.6541652518},
{"learn":[415982.6757],"iteration":776,"passed_time":2.269106345,"remaining_time":0.6512364415},
{"learn":[415543.8313],"iteration":777,"passed_time":2.272085806,"remaining_time":0.6483329678},
{"learn":[415333.8158],"iteration":778,"passed_time":2.274708383,"remaining_time":0.6453280523},
{"learn":[414873.2858],"iteration":779,"passed_time":2.277549144,"remaining_time":0.6423856559},
{"learn":[414512.63],"iteration":780,"passed_time":2.280682065,"remaining_time":0.6395254446},
{"learn":[414031.1829],"iteration":781,"passed_time":2.283476292,"remaining_time":0.6365701171},
{"learn":[413798.0401],"iteration":782,"passed_time":2.286342056,"remaining_time":0.6336350269},
{"learn":[413520.8145],"iteration":783,"passed_time":2.289177065,"remaining_time":0.6306916404},
{"learn":[413244.8842],"iteration":784,"passed_time":2.292726626,"remaining_time":0.6279442351},
{"learn":[412649.7416],"iteration":785,"passed_time":2.295687479,"remaining_time":0.6250345045},
{"learn":[412049.2017],"iteration":786,"passed_time":2.298710747,"remaining_time":0.6221415365},
{"learn":[411847.8448],"iteration":787,"passed_time":2.301809077,"remaining_time":0.6192684319},
{"learn":[411419.9918],"iteration":788,"passed_time":2.304714958,"remaining_time":0.6163432903},
{"learn":[411076.7208],"iteration":789,"passed_time":2.307590841,"remaining_time":0.6134102236},
{"learn":[410680.5593],"iteration":790,"passed_time":2.310434663,"remaining_time":0.61046883},
{"learn":[410335.1049],"iteration":791,"passed_time":2.313377007,"remaining_time":0.6075535574},
{"learn":[409988.0764],"iteration":792,"passed_time":2.316401869,"remaining_time":0.6046597565},
{"learn":[409688.25],"iteration":793,"passed_time":2.31923566,"remaining_time":0.601716053},
{"learn":[409215.5472],"iteration":794,"passed_time":2.322189244,"remaining_time":0.5988035158},
{"learn":[408754.7679],"iteration":795,"passed_time":2.324991914,"remaining_time":0.595852199},
{"learn":[408601.0295],"iteration":796,"passed_time":2.328008568,"remaining_time":0.5929557583},
{"learn":[408404.3742],"iteration":797,"passed_time":2.330724774,"remaining_time":0.589982963},
{"learn":[408182.4664],"iteration":798,"passed_time":2.33364136,"remaining_time":0.5870612183},
{"learn":[407960.7723],"iteration":799,"passed_time":2.336353237,"remaining_time":0.5840883091},
{"learn":[407643.8323],"iteration":800,"passed_time":2.339335285,"remaining_time":0.5811831732},
{"learn":[407200.3232],"iteration":801,"passed_time":2.341967631,"remaining_time":0.5781915099},
{"learn":[407013.7065],"iteration":802,"passed_time":2.344609156,"remaining_time":0.5752029933},
{"learn":[406740.8995],"iteration":803,"passed_time":2.347796325,"remaining_time":0.5723483579},
{"learn":[406149.7922],"iteration":804,"passed_time":2.350478913,"remaining_time":0.5693706683},
{"learn":[405870.5122],"iteration":805,"passed_time":2.353118313,"remaining_time":0.566383316},
{"learn":[405680.4386],"iteration":806,"passed_time":2.355702667,"remaining_time":0.5633836615},
{"learn":[405154.2431],"iteration":807,"passed_time":2.358529206,"remaining_time":0.5604425836},
{"learn":[404925.2092],"iteration":808,"passed_time":2.361153269,"remaining_time":0.5574539857},
{"learn":[404511.8294],"iteration":809,"passed_time":2.363909117,"remaining_time":0.5544972003},
{"learn":[404049.7386],"iteration":810,"passed_time":2.36722212,"remaining_time":0.5516707531},
{"learn":[403733.925],"iteration":811,"passed_time":2.369849059,"remaining_time":0.5486842649},
{"learn":[403257.3937],"iteration":812,"passed_time":2.373107028,"remaining_time":0.5458438059},
{"learn":[403013.2066],"iteration":813,"passed_time":2.375751888,"remaining_time":0.5428622251},
{"learn":[402715.4549],"iteration":814,"passed_time":2.378663992,"remaining_time":0.5399421332},
{"learn":[402325.9811],"iteration":815,"passed_time":2.380795597,"remaining_time":0.536846066},
{"learn":[402059.836],"iteration":816,"passed_time":2.383239175,"remaining_time":0.5338222387},
{"learn":[401774.6091],"iteration":817,"passed_time":2.384962537,"remaining_time":0.5306395865},
{"learn":[401572.0928],"iteration":818,"passed_time":2.387794511,"remaining_time":0.5277055025},
{"learn":[401136.0811],"iteration":819,"passed_time":2.390668154,"remaining_time":0.5247808142},
{"learn":[400627.467],"iteration":820,"passed_time":2.393570953,"remaining_time":0.5218626073},
{"learn":[400361.0132],"iteration":821,"passed_time":2.396637932,"remaining_time":0.5189799901},
{"learn":[399850.6285],"iteration":822,"passed_time":2.399152289,"remaining_time":0.5159780743},
{"learn":[399578.5779],"iteration":823,"passed_time":2.402441683,"remaining_time":0.5131428838},
{"learn":[399359.8848],"iteration":824,"passed_time":2.405206923,"remaining_time":0.5101954079},
{"learn":[398925.0572],"iteration":825,"passed_time":2.408003663,"remaining_time":0.507255009},
{"learn":[398519.5146],"iteration":826,"passed_time":2.411043254,"remaining_time":0.5043657594},
{"learn":[398128.7731],"iteration":827,"passed_time":2.414086775,"remaining_time":0.5014769629},
{"learn":[397704.0286],"iteration":828,"passed_time":2.417220735,"remaining_time":0.4986064483},
{"learn":[397425.4173],"iteration":829,"passed_time":2.420164592,"remaining_time":0.4956963623},
{"learn":[397170.2613],"iteration":830,"passed_time":2.423222696,"remaining_time":0.4928094291},
{"learn":[396915.3822],"iteration":831,"passed_time":2.425889284,"remaining_time":0.4898430285},
{"learn":[396603.3558],"iteration":832,"passed_time":2.42885716,"remaining_time":0.48693775},
{"learn":[396259.1141],"iteration":833,"passed_time":2.431715888,"remaining_time":0.4840105964},
{"learn":[395995.6234],"iteration":834,"passed_time":2.434546211,"remaining_time":0.4810779938},
{"learn":[395787.5587],"iteration":835,"passed_time":2.437264731,"remaining_time":0.4781237033},
{"learn":[395234.4289],"iteration":836,"passed_time":2.440205518,"remaining_time":0.475213261},
{"learn":[394819.2321],"iteration":837,"passed_time":2.442801661,"remaining_time":0.4722361206},
{"learn":[394515.3048],"iteration":838,"passed_time":2.445552743,"remaining_time":0.4692896206},
{"learn":[394234.695],"iteration":839,"passed_time":2.448179939,"remaining_time":0.4663199883},
{"learn":[393815.9896],"iteration":840,"passed_time":2.451176982,"remaining_time":0.4634210941},
{"learn":[393522.0434],"iteration":841,"passed_time":2.454290112,"remaining_time":0.4605437502},
{"learn":[393075.036],"iteration":842,"passed_time":2.456912976,"remaining_time":0.45757454},
{"learn":[392675.6891],"iteration":843,"passed_time":2.459990283,"remaining_time":0.4546901472},
{"learn":[392469.5011],"iteration":844,"passed_time":2.462754847,"remaining_time":0.4517479306},
{"learn":[392215.3394],"iteration":845,"passed_time":2.465480172,"remaining_time":0.4487989911},
{"learn":[391909.4276],"iteration":846,"passed_time":2.468841886,"remaining_time":0.4459655355},
{"learn":[391711.9574],"iteration":847,"passed_time":2.471665838,"remaining_time":0.4430344426},
{"learn":[391431.6778],"iteration":848,"passed_time":2.47473607,"remaining_time":0.4401474047},
{"learn":[391228.3581],"iteration":849,"passed_time":2.477654117,"remaining_time":0.4372330794},
{"learn":[391045.8055],"iteration":850,"passed_time":2.480562822,"remaining_time":0.4343171098},
{"learn":[390790.1967],"iteration":851,"passed_time":2.483436291,"remaining_time":0.4313950365},
{"learn":[390587.0188],"iteration":852,"passed_time":2.486282631,"remaining_time":0.4284684018},
{"learn":[390409.8614],"iteration":853,"passed_time":2.488962455,"remaining_time":0.4255134877},
{"learn":[389903.9968],"iteration":854,"passed_time":2.491761074,"remaining_time":0.4225793635},
{"learn":[389415.6833],"iteration":855,"passed_time":2.494443251,"remaining_time":0.4196259675},
{"learn":[389188.5155],"iteration":856,"passed_time":2.497452404,"remaining_time":0.4167277641},
{"learn":[388936.5374],"iteration":857,"passed_time":2.500527517,"remaining_time":0.4138402185},
{"learn":[388471.7129],"iteration":858,"passed_time":2.503643245,"remaining_time":0.4109589029},
{"learn":[387930.8144],"iteration":859,"passed_time":2.506505523,"remaining_time":0.4080357828},
{"learn":[387683.9654],"iteration":860,"passed_time":2.509059772,"remaining_time":0.4050630759},
{"learn":[387412.663],"iteration":861,"passed_time":2.511818516,"remaining_time":0.4021240779},
{"learn":[386914.3823],"iteration":862,"passed_time":2.514693472,"remaining_time":0.3992039463},
{"learn":[386728.3652],"iteration":863,"passed_time":2.518417477,"remaining_time":0.3964175658},
{"learn":[386306.8155],"iteration":864,"passed_time":2.521417785,"remaining_time":0.3935160705},
{"learn":[386123.2779],"iteration":865,"passed_time":2.524654038,"remaining_time":0.3906508558},
{"learn":[385733.1202],"iteration":866,"passed_time":2.527713618,"remaining_time":0.387757683},
{"learn":[385492.0798],"iteration":867,"passed_time":2.530899467,"remaining_time":0.384883329},
{"learn":[385225.628],"iteration":868,"passed_time":2.533797464,"remaining_time":0.3819648651},
{"learn":[385042.6096],"iteration":869,"passed_time":2.536819026,"remaining_time":0.3790649119},
{"learn":[384854.6243],"iteration":870,"passed_time":2.539797758,"remaining_time":0.3761583361},
{"learn":[384610.0964],"iteration":871,"passed_time":2.542976568,"remaining_time":0.3732809641},
{"learn":[384370.842],"iteration":872,"passed_time":2.54596848,"remaining_time":0.3703757124},
{"learn":[384154.8612],"iteration":873,"passed_time":2.549375667,"remaining_time":0.3675301304},
{"learn":[383958.5698],"iteration":874,"passed_time":2.552662458,"remaining_time":0.3646660654},
{"learn":[383428.6163],"iteration":875,"passed_time":2.55566677,"remaining_time":0.3617610496},
{"learn":[383146.7665],"iteration":876,"passed_time":2.558848603,"remaining_time":0.3588807048},
{"learn":[382894.4675],"iteration":877,"passed_time":2.561621285,"remaining_time":0.355942821},
{"learn":[382655.8881],"iteration":878,"passed_time":2.564576596,"remaining_time":0.3530304529},
{"learn":[382415.9253],"iteration":879,"passed_time":2.567834427,"remaining_time":0.3501592401},
{"learn":[382220.4423],"iteration":880,"passed_time":2.570990639,"remaining_time":0.3472734235},
{"learn":[381991.2068],"iteration":881,"passed_time":2.573924326,"remaining_time":0.3443572228},
{"learn":[381785.7923],"iteration":882,"passed_time":2.576905506,"remaining_time":0.3414472754},
{"learn":[381294.7043],"iteration":883,"passed_time":2.580306543,"remaining_time":0.3385922613},
{"learn":[380828.6657],"iteration":884,"passed_time":2.583633261,"remaining_time":0.335726356},
{"learn":[380661.9227],"iteration":885,"passed_time":2.586696192,"remaining_time":0.3328254694},
{"learn":[380484.8856],"iteration":886,"passed_time":2.589634553,"remaining_time":0.3299083478},
{"learn":[380255.8429],"iteration":887,"passed_time":2.593001472,"remaining_time":0.3270452307},
{"learn":[379775.2597],"iteration":888,"passed_time":2.596283532,"remaining_time":0.3241703848},
{"learn":[379384.1555],"iteration":889,"passed_time":2.599306273,"remaining_time":0.3212625731},
{"learn":[379038.9152],"iteration":890,"passed_time":2.602319868,"remaining_time":0.3183533846},
{"learn":[378855.2164],"iteration":891,"passed_time":2.605418019,"remaining_time":0.3154541996},
{"learn":[378511.291],"iteration":892,"passed_time":2.60849385,"remaining_time":0.3125518947},
{"learn":[378253.6927],"iteration":893,"passed_time":2.611341391,"remaining_time":0.3096221336},
{"learn":[377759.6557],"iteration":894,"passed_time":2.614469729,"remaining_time":0.3067254989},
{"learn":[377487.3264],"iteration":895,"passed_time":2.617759732,"remaining_time":0.3038471117},
{"learn":[377206.4728],"iteration":896,"passed_time":2.621388024,"remaining_time":0.3010066516},
{"learn":[377009.8852],"iteration":897,"passed_time":2.625183123,"remaining_time":0.2981833837},
{"learn":[376763.6761],"iteration":898,"passed_time":2.628346472,"remaining_time":0.2952869785},
{"learn":[376520.144],"iteration":899,"passed_time":2.631614461,"remaining_time":0.2924016067},
{"learn":[376171.303],"iteration":900,"passed_time":2.634525582,"remaining_time":0.2894761738},
{"learn":[375734.058],"iteration":901,"passed_time":2.637360703,"remaining_time":0.2865425154},
{"learn":[375527.3182],"iteration":902,"passed_time":2.64073077,"remaining_time":0.2836665389},
{"learn":[375352.7042],"iteration":903,"passed_time":2.644015211,"remaining_time":0.2807803764},
{"learn":[375095.5242],"iteration":904,"passed_time":2.647327131,"remaining_time":0.2778962182},
{"learn":[374614.2506],"iteration":905,"passed_time":2.650286065,"remaining_time":0.2749744924},
{"learn":[374192.5469],"iteration":906,"passed_time":2.653198824,"remaining_time":0.27204795},
{"learn":[374014.7543],"iteration":907,"passed_time":2.656725173,"remaining_time":0.2691836078},
{"learn":[373844.2302],"iteration":908,"passed_time":2.65978046,"remaining_time":0.2662706511},
{"learn":[373382.2778],"iteration":909,"passed_time":2.662789346,"remaining_time":0.2633527925},
{"learn":[373124.1243],"iteration":910,"passed_time":2.665919274,"remaining_time":0.2604465592},
{"learn":[372741.1553],"iteration":911,"passed_time":2.6696236,"remaining_time":0.2575952596},
{"learn":[372496.4608],"iteration":912,"passed_time":2.672919859,"remaining_time":0.2547032067},
{"learn":[372333.9962],"iteration":913,"passed_time":2.676209986,"remaining_time":0.2518096923},
{"learn":[371875.5003],"iteration":914,"passed_time":2.679162801,"remaining_time":0.2488839761},
{"learn":[371489.0129],"iteration":915,"passed_time":2.682381409,"remaining_time":0.2459825746},
{"learn":[371131.514],"iteration":916,"passed_time":2.685129229,"remaining_time":0.2430378692},
{"learn":[370922.644],"iteration":917,"passed_time":2.688095092,"remaining_time":0.2401130692},
{"learn":[370750.8187],"iteration":918,"passed_time":2.691195252,"remaining_time":0.2372000168},
{"learn":[370383.9258],"iteration":919,"passed_time":2.694509221,"remaining_time":0.2343051496},
{"learn":[370153.7898],"iteration":920,"passed_time":2.697377329,"remaining_time":0.2313711281},
{"learn":[369593.5238],"iteration":921,"passed_time":2.701386849,"remaining_time":0.2285338115},
{"learn":[369416.9227],"iteration":922,"passed_time":2.704605983,"remaining_time":0.2256280181},
{"learn":[369257.9073],"iteration":923,"passed_time":2.707461996,"remaining_time":0.2226916793},
{"learn":[368918.6135],"iteration":924,"passed_time":2.71063493,"remaining_time":0.2197812105},
{"learn":[368697.5093],"iteration":925,"passed_time":2.713793934,"remaining_time":0.2168690617},
{"learn":[368484.5302],"iteration":926,"passed_time":2.722446613,"remaining_time":0.2143889997},
{"learn":[368037.4984],"iteration":927,"passed_time":2.724904238,"remaining_time":0.211414984},
{"learn":[367589.3174],"iteration":928,"passed_time":2.727443892,"remaining_time":0.2084483491},
{"learn":[367394.4511],"iteration":929,"passed_time":2.73009651,"remaining_time":0.2054911351},
{"learn":[367165.1029],"iteration":930,"passed_time":2.732670209,"remaining_time":0.2025287265},
{"learn":[366805.707],"iteration":931,"passed_time":2.735412493,"remaining_time":0.1995794523},
{"learn":[366630.8559],"iteration":932,"passed_time":2.737858718,"remaining_time":0.1966093613},
{"learn":[366377.4613],"iteration":933,"passed_time":2.74056003,"remaining_time":0.1936584175},
{"learn":[366196.9121],"iteration":934,"passed_time":2.743240046,"remaining_time":0.1907065272},
{"learn":[365990.6094],"iteration":935,"passed_time":2.746048959,"remaining_time":0.1877640314},
{"learn":[365855.1986],"iteration":936,"passed_time":2.748596199,"remaining_time":0.1848042268},
{"learn":[365507.5686],"iteration":937,"passed_time":2.751191079,"remaining_time":0.1818484509},
{"learn":[365336.3673],"iteration":938,"passed_time":2.753864759,"remaining_time":0.1788985626},
{"learn":[365139.2022],"iteration":939,"passed_time":2.756519333,"remaining_time":0.1759480426},
{"learn":[364909.5371],"iteration":940,"passed_time":2.758934061,"remaining_time":0.1729831133},
{"learn":[364491.2966],"iteration":941,"passed_time":2.761483165,"remaining_time":0.1700276259},
{"learn":[364298.8987],"iteration":942,"passed_time":2.763892006,"remaining_time":0.1670645221},
{"learn":[363888.6156],"iteration":943,"passed_time":2.766512387,"remaining_time":0.1641151416},
{"learn":[363735.6669],"iteration":944,"passed_time":2.769355751,"remaining_time":0.1611794352},
{"learn":[363420.0338],"iteration":945,"passed_time":2.772188413,"remaining_time":0.1582433132},
{"learn":[363251.2916],"iteration":946,"passed_time":2.774677772,"remaining_time":0.1552881963},
{"learn":[363094.8511],"iteration":947,"passed_time":2.77745802,"remaining_time":0.152350018},
{"learn":[362829.2099],"iteration":948,"passed_time":2.780011373,"remaining_time":0.1493999789},
{"learn":[362665.8249],"iteration":949,"passed_time":2.782668988,"remaining_time":0.1464562625},
{"learn":[362261.9682],"iteration":950,"passed_time":2.785878811,"remaining_time":0.1435416002},
{"learn":[361915.7294],"iteration":951,"passed_time":2.788340726,"remaining_time":0.140588608},
{"learn":[361440.8414],"iteration":952,"passed_time":2.791004372,"remaining_time":0.1376465955},
{"learn":[360895.9941],"iteration":953,"passed_time":2.793628982,"remaining_time":0.1347032842},
{"learn":[360661.7154],"iteration":954,"passed_time":2.796287463,"remaining_time":0.1317622365},
{"learn":[360419.3176],"iteration":955,"passed_time":2.798996315,"remaining_time":0.1288240982},
{"learn":[360071.2937],"iteration":956,"passed_time":2.801582442,"remaining_time":0.1258809248},
{"learn":[359937.9506],"iteration":957,"passed_time":2.804231069,"remaining_time":0.1229412368},
{"learn":[359742.9452],"iteration":958,"passed_time":2.806944453,"remaining_time":0.1200049245},
{"learn":[359205.1681],"iteration":959,"passed_time":2.809585434,"remaining_time":0.1170660597},
{"learn":[358973.1554],"iteration":960,"passed_time":2.812344046,"remaining_time":0.1141325887},
{"learn":[358555.2986],"iteration":961,"passed_time":2.815064132,"remaining_time":0.1111979595},
{"learn":[358404.474],"iteration":962,"passed_time":2.817981545,"remaining_time":0.1082713574},
{"learn":[358258.3904],"iteration":963,"passed_time":2.820554051,"remaining_time":0.105331894},
{"learn":[358030.2367],"iteration":964,"passed_time":2.823013074,"remaining_time":0.1023890752},
{"learn":[357636.5115],"iteration":965,"passed_time":2.825606761,"remaining_time":0.09945199779},
{"learn":[357390.7113],"iteration":966,"passed_time":2.828253165,"remaining_time":0.09651742961},
{"learn":[357040.6883],"iteration":967,"passed_time":2.831243294,"remaining_time":0.09359481962},
{"learn":[356831.474],"iteration":968,"passed_time":2.834243687,"remaining_time":0.09067239867},
{"learn":[356611.1091],"iteration":969,"passed_time":2.836689262,"remaining_time":0.0877326576},
{"learn":[356272.9415],"iteration":970,"passed_time":2.839518569,"remaining_time":0.08480539494},
{"learn":[356089.6784],"iteration":971,"passed_time":2.842238737,"remaining_time":0.08187518995},
{"learn":[355823.4598],"iteration":972,"passed_time":2.844902136,"remaining_time":0.07894384138},
{"learn":[355444.6719],"iteration":973,"passed_time":2.847341606,"remaining_time":0.07600706545},
{"learn":[355125.9225],"iteration":974,"passed_time":2.850018994,"remaining_time":0.07307741011},
{"learn":[354936.2266],"iteration":975,"passed_time":2.852730935,"remaining_time":0.07014912134},
{"learn":[354791.9889],"iteration":976,"passed_time":2.855738742,"remaining_time":0.06722824059},
{"learn":[354628.2992],"iteration":977,"passed_time":2.858498879,"remaining_time":0.06430161077},
{"learn":[354458.8363],"iteration":978,"passed_time":2.861818722,"remaining_time":0.06138732703},
{"learn":[354154.9348],"iteration":979,"passed_time":2.864368114,"remaining_time":0.05845649212},
{"learn":[353947.9425],"iteration":980,"passed_time":2.86703315,"remaining_time":0.05552867468},
{"learn":[353578.5883],"iteration":981,"passed_time":2.869685806,"remaining_time":0.05260116549},
{"learn":[353430.6356],"iteration":982,"passed_time":2.872250335,"remaining_time":0.04967269145},
{"learn":[353027.5759],"iteration":983,"passed_time":2.874846143,"remaining_time":0.04674546573},
{"learn":[352691.6458],"iteration":984,"passed_time":2.877488183,"remaining_time":0.043819617},
{"learn":[352532.0002],"iteration":985,"passed_time":2.880371386,"remaining_time":0.04089776815},
{"learn":[352361.9808],"iteration":986,"passed_time":2.88279744,"remaining_time":0.03796997642},
{"learn":[352214.5946],"iteration":987,"passed_time":2.885405155,"remaining_time":0.03504540674},
{"learn":[351969.4496],"iteration":988,"passed_time":2.888069999,"remaining_time":0.03212211323},
{"learn":[351810.7664],"iteration":989,"passed_time":2.890742247,"remaining_time":0.02919941663},
{"learn":[351488.0518],"iteration":990,"passed_time":2.893867646,"remaining_time":0.02628134088},
{"learn":[351355.2147],"iteration":991,"passed_time":2.896626856,"remaining_time":0.023359894},
{"learn":[351062.0417],"iteration":992,"passed_time":2.899100292,"remaining_time":0.02043675936},
{"learn":[350935.6788],"iteration":993,"passed_time":2.901775095,"remaining_time":0.01751574504},
{"learn":[350799.4061],"iteration":994,"passed_time":2.904369335,"remaining_time":0.01459482078},
{"learn":[350560.0475],"iteration":995,"passed_time":2.907039455,"remaining_time":0.01167485725},
{"learn":[350393.9232],"iteration":996,"passed_time":2.909636977,"remaining_time":0.008755176459},
{"learn":[350097.6364],"iteration":997,"passed_time":2.91228393,"remaining_time":0.005836240341},
{"learn":[349725.6214],"iteration":998,"passed_time":2.914953341,"remaining_time":0.002917871212},
{"learn":[349556.4215],"iteration":999,"passed_time":2.917588363,"remaining_time":0}
]}